1969,1,1,0.87368
1969,1,2,0.59434
1969,1,3,0.47547
1969,1,4,0.41604
1969,1,5,0.3566
1969,1,6,0.32094
1969,1,7,0.29717
1969,1,8,0.26745
1969,1,9,0.24962
1969,1,10,0.23774
1969,1,11,0.21991
1969,1,12,0.20802
1969,1,13,0.20208
1969,1,14,0.20208
1969,1,15,0.20208
1969,1,16,0.20208
1969,1,17,0.89151
1969,1,18,5.1113
1969,1,19,4.1247
1969,1,20,2.104
1969,1,21,1.0163
1969,1,22,0.84991
1969,1,23,1.1174
1969,1,24,2.3001
1969,1,25,1.5988
1969,1,26,0.93906
1969,1,27,0.69538
1969,1,28,6.1217
1969,1,29,13.313
1969,1,30,17.592
1969,1,31,16.344
1969,2,1,11.53
1969,2,2,6.0623
1969,2,3,3.572
1969,2,4,2.2407
1969,2,5,1.4442
1969,2,6,1.0995
1969,2,7,0.91528
1969,2,8,0.7667
1969,2,9,0.70132
1969,2,10,0.61217
1969,2,11,0.53491
1969,2,12,0.48736
1969,2,13,0.4517
1969,2,14,0.41009
1969,2,15,0.36255
1969,2,16,0.33283
1969,2,17,0.30906
1969,2,18,0.30906
1969,2,19,0.29123
1969,2,20,0.27934
1969,2,21,0.27934
1969,2,22,0.29717
1969,2,23,0.33283
1969,2,24,0.33877
1969,2,25,0.33877
1969,2,26,0.34472
1969,2,27,0.34472
1969,2,28,0.33283
1969,3,1,0.32689
1969,3,2,0.30906
1969,3,3,0.29123
1969,3,4,0.28528
1969,3,5,0.27934
1969,3,6,0.27934
1969,3,7,0.29123
1969,3,8,0.29123
1969,3,9,0.29717
1969,3,10,0.29123
1969,3,11,0.27934
1969,3,12,0.26745
1969,3,13,0.2734
1969,3,14,0.26151
1969,3,15,0.24368
1969,3,16,0.23774
1969,3,17,0.23774
1969,3,18,0.24962
1969,3,19,0.26745
1969,3,20,0.29717
1969,3,21,0.315
1969,3,22,0.29717
1969,3,23,0.27934
1969,3,24,0.47547
1969,3,25,1.4264
1969,3,26,1.8008
1969,3,27,1.2719
1969,3,28,1.0698
1969,3,29,0.89745
1969,3,30,0.67755
1969,3,31,0.56462
1969,4,1,0.52896
1969,4,2,0.54679
1969,4,3,0.48736
1969,4,4,0.4517
1969,4,5,4.9687
1969,4,6,3.5185
1969,4,7,2.0683
1969,4,8,1.2362
1969,4,9,1.0044
1969,4,10,0.945
1969,4,11,0.73698
1969,4,12,0.60028
1969,4,13,0.52896
1969,4,14,0.4933
1969,4,15,0.48736
1969,4,16,0.4517
1969,4,17,0.42198
1969,4,18,0.77858
1969,4,19,2.6864
1969,4,20,2.2882
1969,4,21,1.3075
1969,4,22,0.97472
1969,4,23,0.74887
1969,4,24,0.60028
1969,4,25,0.52302
1969,4,26,0.47547
1969,4,27,0.44575
1969,4,28,0.46358
1969,4,29,0.41604
1969,4,30,0.37443
1969,5,1,0.35066
1969,5,2,0.33877
1969,5,3,0.33877
1969,5,4,0.32689
1969,5,5,0.315
1969,5,6,0.29717
1969,5,7,0.29123
1969,5,8,0.315
1969,5,9,0.3566
1969,5,10,0.79642
1969,5,11,1.361
1969,5,12,1.046
1969,5,13,0.82019
1969,5,14,0.68943
1969,5,15,0.5884
1969,5,16,0.51113
1969,5,17,0.45764
1969,5,18,0.46358
1969,5,19,0.82019
1969,5,20,0.99849
1969,5,21,0.69538
1969,5,22,0.55274
1969,5,23,0.48142
1969,5,24,0.42792
1969,5,25,0.39226
1969,5,26,0.3566
1969,5,27,0.33283
1969,5,28,0.30311
1969,5,29,0.29123
1969,5,30,0.29123
1969,5,31,0.27934
1969,6,1,0.2734
1969,6,2,0.2734
1969,6,3,0.26745
1969,6,4,0.24368
1969,6,5,0.24368
1969,6,6,0.23774
1969,6,7,0.21991
1969,6,8,0.21991
1969,6,9,0.21396
1969,6,10,0.20208
1969,6,11,0.19613
1969,6,12,0.19019
1969,6,13,0.21396
1969,6,14,0.2734
1969,6,15,0.27934
1969,6,16,0.32689
1969,6,17,0.33283
1969,6,18,0.27934
1969,6,19,0.25557
1969,6,20,0.23179
1969,6,21,0.20802
1969,6,22,0.19019
1969,6,23,3.2273
1969,6,24,0.93906
1969,6,25,0.66566
1969,6,26,0.56462
1969,6,27,0.45764
1969,6,28,0.36849
1969,6,29,0.30906
1969,6,30,0.27934
1969,7,1,0.25557
1969,7,2,0.22585
1969,7,3,0.20802
1969,7,4,0.19613
1969,7,5,0.43981
1969,7,6,0.46953
1969,7,7,0.67755
1969,7,8,0.71321
1969,7,9,0.57651
1969,7,10,0.42198
1969,7,11,0.35066
1969,7,12,0.315
1969,7,13,0.29123
1969,7,14,0.26151
1969,7,15,0.21991
1969,7,16,0.19613
1969,7,17,0.1783
1969,7,18,0.16047
1969,7,19,0.14858
1969,7,20,0.21396
1969,7,21,0.16642
1969,7,22,0.14264
1969,7,23,0.1367
1969,7,24,1.7236
1969,7,25,1.1114
1969,7,26,0.39226
1969,7,27,0.4933
1969,7,28,0.38038
1969,7,29,0.2734
1969,7,30,0.21396
1969,7,31,0.18425
1969,8,1,0.34472
1969,8,2,0.34472
1969,8,3,0.21396
1969,8,4,0.17236
1969,8,5,0.14858
1969,8,6,0.13075
1969,8,7,0.11887
1969,8,8,0.11292
1969,8,9,0.16642
1969,8,10,0.32094
1969,8,11,0.19019
1969,8,12,0.16047
1969,8,13,0.13075
1969,8,14,0.11292
1969,8,15,0.10698
1969,8,16,0.10104
1969,8,17,0.10698
1969,8,18,0.10698
1969,8,19,0.10104
1969,8,20,0.095094
1969,8,21,0.083208
1969,8,22,0.077264
1969,8,23,0.071321
1969,8,24,0.071321
1969,8,25,0.065377
1969,8,26,0.065377
1969,8,27,0.065377
1969,8,28,0.05884
1969,8,29,0.055868
1969,8,30,0.054679
1969,8,31,0.054085
1969,9,1,0.048736
1969,9,2,0.089151
1969,9,3,0.29717
1969,9,4,0.095094
1969,9,5,0.071321
1969,9,6,0.077264
1969,9,7,0.071321
1969,9,8,0.05884
1969,9,9,0.055274
1969,9,10,0.056462
1969,9,11,0.052302
1969,9,12,0.052896
1969,9,13,0.04933
1969,9,14,0.049925
1969,9,15,0.04517
1969,9,16,0.089151
1969,9,17,2.1575
1969,9,18,1.6285
1969,9,19,0.66566
1969,9,20,0.40415
1969,9,21,0.29123
1969,9,22,0.22585
1969,9,23,0.19019
1969,9,24,0.18425
1969,9,25,0.17236
1969,9,26,0.15453
1969,9,27,0.1783
1969,9,28,0.21991
1969,9,29,0.18425
1969,9,30,0.17236
1969,10,1,0.15453
1969,10,2,0.14858
1969,10,3,0.14264
1969,10,4,0.13075
1969,10,5,0.11887
1969,10,6,0.11292
1969,10,7,0.13075
1969,10,8,0.13075
1969,10,9,0.11887
1969,10,10,0.12481
1969,10,11,0.7667
1969,10,12,4.1128
1969,10,13,7.3104
1969,10,14,7.5481
1969,10,15,4.7666
1969,10,16,3.6671
1969,10,17,2.7399
1969,10,18,1.5156
1969,10,19,1.0342
1969,10,20,0.84396
1969,10,21,0.77264
1969,10,22,0.68943
1969,10,23,0.57651
1969,10,24,0.48736
1969,10,25,0.46358
1969,10,26,0.43387
1969,10,27,0.40415
1969,10,28,0.37443
1969,10,29,0.33877
1969,10,30,0.315
1969,10,31,0.32094
1969,11,1,0.93906
1969,11,2,1.6166
1969,11,3,1.1768
1969,11,4,0.86179
1969,11,5,0.77264
1969,11,6,0.68943
1969,11,7,0.61217
1969,11,8,0.54085
1969,11,9,0.4933
1969,11,10,0.45764
1969,11,11,0.43387
1969,11,12,0.42198
1969,11,13,0.43981
1969,11,14,0.42198
1969,11,15,0.38632
1969,11,16,0.35066
1969,11,17,0.39226
1969,11,18,1.5809
1969,11,19,5.5036
1969,11,20,6.7755
1969,11,21,6.716
1969,11,22,4.309
1969,11,23,3.9345
1969,11,24,3.7027
1969,11,25,3.1381
1969,11,26,2.1812
1969,11,27,1.468
1969,11,28,1.0936
1969,11,29,0.90934
1969,11,30,0.78453
1969,12,1,0.71915
1969,12,2,0.60028
1969,12,3,0.57057
1969,12,4,0.50519
1969,12,5,0.43981
1969,12,6,0.41604
1969,12,7,0.50519
1969,12,8,0.92717
1969,12,9,0.96283
1969,12,10,0.76075
1969,12,11,0.68349
1969,12,12,0.58245
1969,12,13,0.50519
1969,12,14,0.50519
1969,12,15,0.45764
1969,12,16,0.39821
1969,12,17,0.36849
1969,12,18,0.36255
1969,12,19,0.36255
1969,12,20,0.33283
1969,12,21,0.315
1969,12,22,0.30906
1969,12,23,0.29717
1969,12,24,0.28528
1969,12,25,0.2734
1969,12,26,0.26745
1969,12,27,0.26151
1969,12,28,0.24368
1969,12,29,0.23774
1969,12,30,0.23774
1969,12,31,0.24368
1970,1,1,0.21991
1970,1,2,0.21396
1970,1,3,0.20802
1970,1,4,0.19613
1970,1,5,0.19019
1970,1,6,0.18425
1970,1,7,0.1783
1970,1,8,0.17236
1970,1,9,0.17236
1970,1,10,0.16642
1970,1,11,0.16642
1970,1,12,0.16642
1970,1,13,0.16642
1970,1,14,0.16047
1970,1,15,0.16047
1970,1,16,0.16047
1970,1,17,0.16047
1970,1,18,0.16047
1970,1,19,0.16047
1970,1,20,0.15453
1970,1,21,0.15453
1970,1,22,0.15453
1970,1,23,0.15453
1970,1,24,0.15453
1970,1,25,0.16047
1970,1,26,0.1783
1970,1,27,0.23774
1970,1,28,0.81425
1970,1,29,4.3149
1970,1,30,3.7919
1970,1,31,1.8068
1970,2,1,1.0104
1970,2,2,1.3729
1970,2,3,1.0104
1970,2,4,0.77264
1970,2,5,0.59434
1970,2,6,0.50519
1970,2,7,0.43387
1970,2,8,0.41604
1970,2,9,0.40415
1970,2,10,0.36849
1970,2,11,0.34472
1970,2,12,0.30906
1970,2,13,0.26745
1970,2,14,0.26151
1970,2,15,0.25557
1970,2,16,0.25557
1970,2,17,0.24962
1970,2,18,0.36849
1970,2,19,0.82019
1970,2,20,0.58245
1970,2,21,0.41604
1970,2,22,0.38632
1970,2,23,0.35066
1970,2,24,0.32094
1970,2,25,0.32094
1970,2,26,0.28528
1970,2,27,0.28528
1970,2,28,0.26151
1970,3,1,0.24368
1970,3,2,0.24368
1970,3,3,0.26151
1970,3,4,0.61811
1970,3,5,1.4324
1970,3,6,1.0044
1970,3,7,0.77858
1970,3,8,0.68943
1970,3,9,0.60028
1970,3,10,0.51708
1970,3,11,0.43387
1970,3,12,0.39821
1970,3,13,0.37443
1970,3,14,0.34472
1970,3,15,0.32689
1970,3,16,0.29123
1970,3,17,0.2734
1970,3,18,0.27934
1970,3,19,0.27934
1970,3,20,0.63594
1970,3,21,0.78453
1970,3,22,0.75481
1970,3,23,0.74292
1970,3,24,0.65972
1970,3,25,0.59434
1970,3,26,3.2213
1970,3,27,3.6076
1970,3,28,2.6151
1970,3,29,1.3908
1970,3,30,0.84396
1970,3,31,0.6716
1970,4,1,0.60623
1970,4,2,2.4665
1970,4,3,3.5958
1970,4,4,2.7042
1970,4,5,1.4026
1970,4,6,1.0401
1970,4,7,0.77858
1970,4,8,0.62406
1970,4,9,0.58245
1970,4,10,0.51113
1970,4,11,0.44575
1970,4,12,0.42198
1970,4,13,0.41604
1970,4,14,0.40415
1970,4,15,0.35066
1970,4,16,0.32094
1970,4,17,0.30311
1970,4,18,0.29123
1970,4,19,3.7859
1970,4,20,7.3104
1970,4,21,6.4783
1970,4,22,4.5348
1970,4,23,3.5244
1970,4,24,4.9271
1970,4,25,5.462
1970,4,26,3.8216
1970,4,27,2.7637
1970,4,28,1.6582
1970,4,29,1.1174
1970,4,30,1.8722
1970,5,1,2.5557
1970,5,2,2.1099
1970,5,3,1.4858
1970,5,4,1.1887
1970,5,5,0.89151
1970,5,6,0.71321
1970,5,7,0.59434
1970,5,8,0.56462
1970,5,9,0.51113
1970,5,10,0.43387
1970,5,11,0.52896
1970,5,12,1.1887
1970,5,13,2.6745
1970,5,14,4.6953
1970,5,15,4.1604
1970,5,16,3.566
1970,5,17,2.3774
1970,5,18,1.4858
1970,5,19,1.1174
1970,5,20,0.89151
1970,5,21,0.71915
1970,5,22,0.61811
1970,5,23,0.54679
1970,5,24,0.51113
1970,5,25,0.4933
1970,5,26,0.51708
1970,5,27,0.46953
1970,5,28,0.39821
1970,5,29,0.36849
1970,5,30,0.35066
1970,5,31,0.33877
1970,6,1,0.35066
1970,6,2,0.34472
1970,6,3,0.32094
1970,6,4,0.29717
1970,6,5,0.29717
1970,6,6,0.28528
1970,6,7,0.26151
1970,6,8,0.23774
1970,6,9,0.22585
1970,6,10,0.21991
1970,6,11,0.21396
1970,6,12,0.20802
1970,6,13,0.30906
1970,6,14,0.83802
1970,6,15,0.54679
1970,6,16,0.41604
1970,6,17,0.35066
1970,6,18,0.30906
1970,6,19,0.26151
1970,6,20,0.23179
1970,6,21,0.21991
1970,6,22,0.20802
1970,6,23,0.19019
1970,6,24,0.1783
1970,6,25,0.20208
1970,6,26,0.27934
1970,6,27,0.60623
1970,6,28,0.43981
1970,6,29,0.28528
1970,6,30,0.22585
1970,7,1,0.19613
1970,7,2,0.17236
1970,7,3,0.1783
1970,7,4,0.17236
1970,7,5,0.16047
1970,7,6,0.14264
1970,7,7,0.13075
1970,7,8,0.14264
1970,7,9,0.25557
1970,7,10,1.7355
1970,7,11,0.7667
1970,7,12,0.41604
1970,7,13,0.28528
1970,7,14,0.22585
1970,7,15,0.19613
1970,7,16,0.17236
1970,7,17,0.15453
1970,7,18,0.14264
1970,7,19,0.20208
1970,7,20,0.79047
1970,7,21,0.35066
1970,7,22,0.23179
1970,7,23,0.19019
1970,7,24,0.19613
1970,7,25,0.17236
1970,7,26,0.15453
1970,7,27,1.153
1970,7,28,1.1827
1970,7,29,0.73698
1970,7,30,0.73698
1970,7,31,0.62406
1970,8,1,0.43387
1970,8,2,0.315
1970,8,3,0.24368
1970,8,4,0.19613
1970,8,5,0.17236
1970,8,6,0.15453
1970,8,7,0.1367
1970,8,8,0.12481
1970,8,9,0.12481
1970,8,10,0.11292
1970,8,11,0.10698
1970,8,12,0.095094
1970,8,13,0.089151
1970,8,14,0.083208
1970,8,15,0.077264
1970,8,16,0.071321
1970,8,17,0.065377
1970,8,18,0.065377
1970,8,19,0.077264
1970,8,20,0.077264
1970,8,21,0.071321
1970,8,22,0.065377
1970,8,23,0.077264
1970,8,24,0.071321
1970,8,25,0.065377
1970,8,26,0.05884
1970,8,27,0.052302
1970,8,28,0.048142
1970,8,29,0.04517
1970,8,30,0.043387
1970,8,31,0.039226
1970,9,1,0.036255
1970,9,2,0.036255
1970,9,3,0.037443
1970,9,4,0.041009
1970,9,5,0.042198
1970,9,6,0.043387
1970,9,7,0.048736
1970,9,8,0.053491
1970,9,9,0.043387
1970,9,10,0.039226
1970,9,11,0.034472
1970,9,12,0.03566
1970,9,13,0.038038
1970,9,14,0.051113
1970,9,15,0.059434
1970,9,16,0.051113
1970,9,17,0.043387
1970,9,18,0.05884
1970,9,19,0.077264
1970,9,20,0.056462
1970,9,21,0.046953
1970,9,22,0.040415
1970,9,23,0.071321
1970,9,24,0.10104
1970,9,25,0.10104
1970,9,26,0.11292
1970,9,27,0.1783
1970,9,28,0.11292
1970,9,29,0.083208
1970,9,30,0.071321
1970,10,1,0.059434
1970,10,2,0.051708
1970,10,3,0.043981
1970,10,4,0.039226
1970,10,5,0.037443
1970,10,6,0.036849
1970,10,7,0.03566
1970,10,8,0.039226
1970,10,9,0.065377
1970,10,10,0.14858
1970,10,11,0.1367
1970,10,12,0.1367
1970,10,13,0.11292
1970,10,14,0.17236
1970,10,15,0.44575
1970,10,16,0.38038
1970,10,17,0.2734
1970,10,18,0.20802
1970,10,19,0.17236
1970,10,20,0.15453
1970,10,21,0.15453
1970,10,22,0.14858
1970,10,23,0.1367
1970,10,24,0.12481
1970,10,25,0.11292
1970,10,26,0.11292
1970,10,27,0.10698
1970,10,28,0.10698
1970,10,29,0.16642
1970,10,30,0.26745
1970,10,31,0.26151
1970,11,1,0.21991
1970,11,2,0.24368
1970,11,3,0.54679
1970,11,4,0.65377
1970,11,5,0.4933
1970,11,6,0.39226
1970,11,7,0.32094
1970,11,8,0.2734
1970,11,9,0.24962
1970,11,10,0.24368
1970,11,11,0.23179
1970,11,12,0.22585
1970,11,13,0.21991
1970,11,14,0.20802
1970,11,15,0.20208
1970,11,16,0.19019
1970,11,17,0.1783
1970,11,18,0.1783
1970,11,19,0.17236
1970,11,20,0.46953
1970,11,21,0.67755
1970,11,22,0.55868
1970,11,23,0.42792
1970,11,24,0.32094
1970,11,25,0.32689
1970,11,26,0.27934
1970,11,27,0.26745
1970,11,28,0.33877
1970,11,29,0.54085
1970,11,30,0.83208
1970,12,1,0.62406
1970,12,2,0.51113
1970,12,3,0.43387
1970,12,4,0.39226
1970,12,5,0.33877
1970,12,6,0.29717
1970,12,7,0.26151
1970,12,8,0.25557
1970,12,9,0.24962
1970,12,10,0.23774
1970,12,11,0.24368
1970,12,12,0.25557
1970,12,13,0.29123
1970,12,14,0.34472
1970,12,15,0.33283
1970,12,16,0.32094
1970,12,17,0.32689
1970,12,18,0.315
1970,12,19,0.32689
1970,12,20,0.315
1970,12,21,0.29123
1970,12,22,0.29717
1970,12,23,0.32094
1970,12,24,0.37443
1970,12,25,0.4933
1970,12,26,0.4517
1970,12,27,0.41604
1970,12,28,0.3566
1970,12,29,0.29717
1970,12,30,0.26745
1970,12,31,0.23774
1971,1,1,0.23774
1971,1,2,0.20802
1971,1,3,0.20802
1971,1,4,0.32689
1971,1,5,0.45764
1971,1,6,0.38038
1971,1,7,0.32689
1971,1,8,0.26745
1971,1,9,0.23774
1971,1,10,0.23774
1971,1,11,0.23774
1971,1,12,0.20802
1971,1,13,0.20802
1971,1,14,0.20802
1971,1,15,0.20802
1971,1,16,0.1783
1971,1,17,0.1783
1971,1,18,0.17236
1971,1,19,0.16642
1971,1,20,0.15453
1971,1,21,0.16047
1971,1,22,0.16047
1971,1,23,0.16047
1971,1,24,0.16047
1971,1,25,0.16047
1971,1,26,0.14858
1971,1,27,0.11887
1971,1,28,0.11887
1971,1,29,0.11887
1971,1,30,0.11887
1971,1,31,0.11887
1971,2,1,0.11887
1971,2,2,0.10698
1971,2,3,0.10698
1971,2,4,1.4858
1971,2,5,5.6641
1971,2,6,2.4071
1971,2,7,0.87368
1971,2,8,0.58245
1971,2,9,0.41604
1971,2,10,0.26745
1971,2,11,0.1783
1971,2,12,0.20802
1971,2,13,0.23774
1971,2,14,0.20802
1971,2,15,0.1783
1971,2,16,0.14858
1971,2,17,1.1887
1971,2,18,4.2792
1971,2,19,5.3015
1971,2,20,7.0726
1971,2,21,4.5883
1971,2,22,4.7072
1971,2,23,5.462
1971,2,24,2.8053
1971,2,25,1.7771
1971,2,26,3.2689
1971,2,27,4.0475
1971,2,28,3.1025
1971,3,1,1.5215
1971,3,2,1.0639
1971,3,3,0.80236
1971,3,4,0.57057
1971,3,5,0.44575
1971,3,6,0.49925
1971,3,7,1.0995
1971,3,8,0.74887
1971,3,9,0.54679
1971,3,10,0.51708
1971,3,11,0.64783
1971,3,12,1.2422
1971,3,13,3.6671
1971,3,14,3.5542
1971,3,15,4.1544
1971,3,16,4.196
1971,3,17,3.2451
1971,3,18,2.0505
1971,3,19,1.7771
1971,3,20,1.7771
1971,3,21,1.2065
1971,3,22,0.93311
1971,3,23,0.74887
1971,3,24,0.60623
1971,3,25,0.52302
1971,3,26,0.48142
1971,3,27,0.44575
1971,3,28,0.43981
1971,3,29,0.41604
1971,3,30,0.36849
1971,3,31,0.34472
1971,4,1,0.36849
1971,4,2,0.46953
1971,4,3,0.46358
1971,4,4,0.41604
1971,4,5,0.36849
1971,4,6,0.35066
1971,4,7,0.33877
1971,4,8,0.32689
1971,4,9,0.30906
1971,4,10,0.28528
1971,4,11,0.26151
1971,4,12,0.26151
1971,4,13,0.2734
1971,4,14,0.27934
1971,4,15,0.25557
1971,4,16,0.24368
1971,4,17,0.24368
1971,4,18,0.23179
1971,4,19,0.21991
1971,4,20,0.20802
1971,4,21,0.21396
1971,4,22,0.21991
1971,4,23,0.20802
1971,4,24,0.20208
1971,4,25,0.19613
1971,4,26,0.18425
1971,4,27,0.1783
1971,4,28,0.19019
1971,4,29,0.18425
1971,4,30,0.1783
1971,5,1,0.16642
1971,5,2,0.17236
1971,5,3,0.18425
1971,5,4,0.17236
1971,5,5,0.17236
1971,5,6,0.23179
1971,5,7,0.35066
1971,5,8,1.2957
1971,5,9,1.4205
1971,5,10,0.78453
1971,5,11,0.57651
1971,5,12,0.54085
1971,5,13,0.46953
1971,5,14,0.42198
1971,5,15,0.36849
1971,5,16,0.33877
1971,5,17,0.32689
1971,5,18,0.30311
1971,5,19,0.28528
1971,5,20,0.26745
1971,5,21,0.24368
1971,5,22,0.23774
1971,5,23,0.21991
1971,5,24,0.96877
1971,5,25,3.7741
1971,5,26,3.6314
1971,5,27,1.7771
1971,5,28,0.92717
1971,5,29,0.66566
1971,5,30,0.54679
1971,5,31,0.46953
1971,6,1,0.4517
1971,6,2,0.4933
1971,6,3,0.41009
1971,6,4,0.3566
1971,6,5,0.32689
1971,6,6,0.35066
1971,6,7,0.72509
1971,6,8,0.51113
1971,6,9,0.38038
1971,6,10,0.32094
1971,6,11,0.29717
1971,6,12,0.29717
1971,6,13,0.27934
1971,6,14,0.26151
1971,6,15,0.24368
1971,6,16,0.21991
1971,6,17,0.20208
1971,6,18,0.18425
1971,6,19,0.18425
1971,6,20,0.18425
1971,6,21,0.20208
1971,6,22,0.19613
1971,6,23,0.16642
1971,6,24,0.15453
1971,6,25,0.14264
1971,6,26,0.14858
1971,6,27,0.14264
1971,6,28,0.12481
1971,6,29,0.11292
1971,6,30,0.10104
1971,7,1,0.095094
1971,7,2,0.095094
1971,7,3,0.089151
1971,7,4,0.083208
1971,7,5,0.089151
1971,7,6,0.095094
1971,7,7,0.083208
1971,7,8,0.077264
1971,7,9,0.089151
1971,7,10,0.13075
1971,7,11,0.95094
1971,7,12,0.83208
1971,7,13,0.47547
1971,7,14,0.27934
1971,7,15,0.19613
1971,7,16,0.15453
1971,7,17,0.1367
1971,7,18,0.11292
1971,7,19,0.10698
1971,7,20,0.10698
1971,7,21,0.089151
1971,7,22,0.077264
1971,7,23,0.071321
1971,7,24,0.12481
1971,7,25,0.12481
1971,7,26,0.10104
1971,7,27,0.083208
1971,7,28,0.071321
1971,7,29,0.089151
1971,7,30,0.077264
1971,7,31,0.065377
1971,8,1,0.056462
1971,8,2,0.051708
1971,8,3,0.04933
1971,8,4,0.04933
1971,8,5,0.05884
1971,8,6,0.047547
1971,8,7,0.043387
1971,8,8,0.041009
1971,8,9,0.036849
1971,8,10,0.04933
1971,8,11,0.071321
1971,8,12,0.04933
1971,8,13,0.041009
1971,8,14,0.043387
1971,8,15,0.083208
1971,8,16,0.071321
1971,8,17,0.047547
1971,8,18,0.043387
1971,8,19,0.041009
1971,8,20,0.047547
1971,8,21,0.043387
1971,8,22,0.039226
1971,8,23,0.036849
1971,8,24,0.036849
1971,8,25,0.041009
1971,8,26,0.041009
1971,8,27,0.035066
1971,8,28,0.030906
1971,8,29,0.029123
1971,8,30,0.025557
1971,8,31,0.023774
1971,9,1,0.035066
1971,9,2,0.036849
1971,9,3,0.13075
1971,9,4,0.18425
1971,9,5,0.20802
1971,9,6,0.12481
1971,9,7,1.0104
1971,9,8,0.38038
1971,9,9,0.20802
1971,9,10,0.1367
1971,9,11,0.10104
1971,9,12,0.077264
1971,9,13,0.065377
1971,9,14,0.056462
1971,9,15,0.04933
1971,9,16,0.043387
1971,9,17,0.039226
1971,9,18,0.035066
1971,9,19,0.032689
1971,9,20,0.16047
1971,9,21,0.3566
1971,9,22,0.22585
1971,9,23,0.16642
1971,9,24,0.11887
1971,9,25,0.10698
1971,9,26,0.29717
1971,9,27,0.39226
1971,9,28,0.27934
1971,9,29,0.20802
1971,9,30,0.17236
1971,10,1,0.15453
1971,10,2,0.13075
1971,10,3,0.10104
1971,10,4,0.095094
1971,10,5,0.11887
1971,10,6,0.10104
1971,10,7,0.095094
1971,10,8,0.095094
1971,10,9,0.10698
1971,10,10,0.11887
1971,10,11,0.10698
1971,10,12,0.10104
1971,10,13,0.095094
1971,10,14,0.095094
1971,10,15,0.089151
1971,10,16,0.083208
1971,10,17,0.077264
1971,10,18,0.071321
1971,10,19,0.071321
1971,10,20,0.071321
1971,10,21,0.071321
1971,10,22,0.095094
1971,10,23,0.14264
1971,10,24,0.14264
1971,10,25,0.16047
1971,10,26,0.15453
1971,10,27,0.1367
1971,10,28,0.12481
1971,10,29,0.11887
1971,10,30,0.11887
1971,10,31,0.10698
1971,11,1,0.10104
1971,11,2,0.10104
1971,11,3,0.10698
1971,11,4,0.095094
1971,11,5,0.089151
1971,11,6,0.083208
1971,11,7,0.083208
1971,11,8,0.077264
1971,11,9,0.077264
1971,11,10,0.083208
1971,11,11,0.083208
1971,11,12,0.077264
1971,11,13,0.077264
1971,11,14,0.077264
1971,11,15,0.077264
1971,11,16,0.077264
1971,11,17,0.071321
1971,11,18,0.065377
1971,11,19,0.077264
1971,11,20,0.083208
1971,11,21,0.071321
1971,11,22,0.071321
1971,11,23,0.065377
1971,11,24,0.065377
1971,11,25,0.065377
1971,11,26,0.065377
1971,11,27,0.071321
1971,11,28,0.083208
1971,11,29,0.083208
1971,11,30,0.10104
1971,12,1,0.10104
1971,12,2,0.095094
1971,12,3,0.089151
1971,12,4,0.083208
1971,12,5,0.083208
1971,12,6,0.12481
1971,12,7,1.2838
1971,12,8,3.7681
1971,12,9,2.9836
1971,12,10,3.1143
1971,12,11,3.6433
1971,12,12,2.2407
1971,12,13,1.1649
1971,12,14,2.1991
1971,12,15,6.8349
1971,12,16,6.3594
1971,12,17,4.2971
1971,12,18,3.2213
1971,12,19,1.9197
1971,12,20,1.2481
1971,12,21,0.96877
1971,12,22,0.89151
1971,12,23,0.83208
1971,12,24,0.71321
1971,12,25,0.65377
1971,12,26,0.59434
1971,12,27,0.59434
1971,12,28,0.59434
1971,12,29,0.56462
1971,12,30,1.4858
1971,12,31,2.6745
1972,1,1,1.783
1972,1,2,1.1887
1972,1,3,0.89151
1972,1,4,0.77264
1972,1,5,0.59434
1972,1,6,0.53491
1972,1,7,0.50519
1972,1,8,0.46358
1972,1,9,0.49925
1972,1,10,0.83802
1972,1,11,0.92717
1972,1,12,0.74887
1972,1,13,0.68943
1972,1,14,0.53491
1972,1,15,0.47547
1972,1,16,0.38632
1972,1,17,0.32689
1972,1,18,0.32689
1972,1,19,0.32689
1972,1,20,0.32689
1972,1,21,0.32689
1972,1,22,0.5884
1972,1,23,0.79047
1972,1,24,0.82019
1972,1,25,0.72509
1972,1,26,0.61811
1972,1,27,0.53491
1972,1,28,0.47547
1972,1,29,0.41604
1972,1,30,0.38632
1972,1,31,0.3566
1972,2,1,0.32689
1972,2,2,0.29717
1972,2,3,0.29717
1972,2,4,0.26745
1972,2,5,0.26745
1972,2,6,0.26745
1972,2,7,0.23774
1972,2,8,0.23774
1972,2,9,0.23774
1972,2,10,0.24368
1972,2,11,0.23774
1972,2,12,0.24368
1972,2,13,0.26151
1972,2,14,0.26745
1972,2,15,0.30906
1972,2,16,0.28528
1972,2,17,0.25557
1972,2,18,0.2734
1972,2,19,0.23179
1972,2,20,0.20802
1972,2,21,0.21991
1972,2,22,0.21991
1972,2,23,0.20802
1972,2,24,0.21991
1972,2,25,0.20802
1972,2,26,0.20802
1972,2,27,0.19613
1972,2,28,0.21396
1972,2,29,0.25557
1972,3,1,0.35066
1972,3,2,1.0223
1972,3,3,1.26
1972,3,4,0.74292
1972,3,5,0.55274
1972,3,6,0.44575
1972,3,7,0.45764
1972,3,8,0.38632
1972,3,9,0.30311
1972,3,10,0.2734
1972,3,11,0.28528
1972,3,12,0.29123
1972,3,13,0.29717
1972,3,14,0.33877
1972,3,15,0.33283
1972,3,16,0.3566
1972,3,17,0.38038
1972,3,18,0.34472
1972,3,19,0.29717
1972,3,20,0.2734
1972,3,21,0.27934
1972,3,22,0.33283
1972,3,23,0.33283
1972,3,24,0.29123
1972,3,25,0.2734
1972,3,26,0.26745
1972,3,27,0.3566
1972,3,28,0.47547
1972,3,29,0.60028
1972,3,30,1.8068
1972,3,31,1.1708
1972,4,1,0.82613
1972,4,2,0.65377
1972,4,3,0.56462
1972,4,4,1.0044
1972,4,5,0.93311
1972,4,6,0.82019
1972,4,7,7.0132
1972,4,8,7.1321
1972,4,9,4.9746
1972,4,10,4.1544
1972,4,11,3.5423
1972,4,12,2.9123
1972,4,13,2.5616
1972,4,14,1.474
1972,4,15,1.046
1972,4,16,2.1099
1972,4,17,3.8454
1972,4,18,2.9182
1972,4,19,1.997
1972,4,20,9.6283
1972,4,21,14.205
1972,4,22,12.6
1972,4,23,8.9151
1972,4,24,5.1767
1972,4,25,3.8216
1972,4,26,3.1975
1972,4,27,2.1456
1972,4,28,1.3729
1972,4,29,1.0639
1972,4,30,0.88557
1972,5,1,0.78453
1972,5,2,0.73698
1972,5,3,0.64189
1972,5,4,0.55274
1972,5,5,0.49925
1972,5,6,0.45764
1972,5,7,0.43981
1972,5,8,0.43387
1972,5,9,0.51113
1972,5,10,0.43981
1972,5,11,0.38632
1972,5,12,0.36849
1972,5,13,0.40415
1972,5,14,0.50519
1972,5,15,2.1931
1972,5,16,1.7949
1972,5,17,0.945
1972,5,18,0.71321
1972,5,19,0.59434
1972,5,20,0.52302
1972,5,21,0.48736
1972,5,22,0.44575
1972,5,23,0.41604
1972,5,24,0.37443
1972,5,25,0.32689
1972,5,26,0.30311
1972,5,27,0.27934
1972,5,28,0.26745
1972,5,29,0.26745
1972,5,30,0.53491
1972,5,31,0.55274
1972,6,1,0.39821
1972,6,2,0.32689
1972,6,3,0.29123
1972,6,4,0.26745
1972,6,5,0.24368
1972,6,6,0.25557
1972,6,7,0.24962
1972,6,8,0.22585
1972,6,9,0.21991
1972,6,10,0.21991
1972,6,11,0.19613
1972,6,12,0.1783
1972,6,13,1.8543
1972,6,14,3.2808
1972,6,15,3.78
1972,6,16,3.9464
1972,6,17,2.0564
1972,6,18,0.99255
1972,6,19,0.72509
1972,6,20,0.61811
1972,6,21,0.91528
1972,6,22,0.53491
1972,6,23,0.42198
1972,6,24,0.37443
1972,6,25,0.33877
1972,6,26,0.30906
1972,6,27,0.27934
1972,6,28,0.25557
1972,6,29,0.25557
1972,6,30,0.24962
1972,7,1,0.21991
1972,7,2,0.20802
1972,7,3,1.8246
1972,7,4,0.70132
1972,7,5,0.43981
1972,7,6,0.35066
1972,7,7,0.27934
1972,7,8,0.24368
1972,7,9,0.21991
1972,7,10,0.20208
1972,7,11,0.19019
1972,7,12,0.17236
1972,7,13,0.16047
1972,7,14,0.20802
1972,7,15,0.91528
1972,7,16,2.2763
1972,7,17,0.68943
1972,7,18,0.45764
1972,7,19,2.0505
1972,7,20,1.8781
1972,7,21,0.74292
1972,7,22,0.49925
1972,7,23,0.39226
1972,7,24,0.33283
1972,7,25,0.35066
1972,7,26,0.27934
1972,7,27,0.25557
1972,7,28,0.23179
1972,7,29,0.20802
1972,7,30,0.19019
1972,7,31,0.17236
1972,8,1,0.16047
1972,8,2,0.16047
1972,8,3,0.15453
1972,8,4,0.14858
1972,8,5,0.1367
1972,8,6,0.1367
1972,8,7,0.14858
1972,8,8,0.1367
1972,8,9,0.12481
1972,8,10,0.11292
1972,8,11,0.10698
1972,8,12,0.1367
1972,8,13,0.1367
1972,8,14,0.10104
1972,8,15,0.11887
1972,8,16,0.095094
1972,8,17,0.083208
1972,8,18,0.077264
1972,8,19,0.065377
1972,8,20,0.065377
1972,8,21,0.056462
1972,8,22,0.055868
1972,8,23,0.17236
1972,8,24,0.20208
1972,8,25,0.14858
1972,8,26,0.095094
1972,8,27,0.071321
1972,8,28,0.065377
1972,8,29,0.059434
1972,8,30,0.051113
1972,8,31,0.048736
1972,9,1,0.04517
1972,9,2,0.046953
1972,9,3,0.054085
1972,9,4,0.052896
1972,9,5,0.047547
1972,9,6,0.042198
1972,9,7,0.042198
1972,9,8,0.071321
1972,9,9,0.065377
1972,9,10,0.043387
1972,9,11,0.054085
1972,9,12,0.36849
1972,9,13,0.29123
1972,9,14,2.1812
1972,9,15,0.9034
1972,9,16,0.43981
1972,9,17,0.28528
1972,9,18,0.85585
1972,9,19,1.4264
1972,9,20,0.62406
1972,9,21,0.39226
1972,9,22,0.29123
1972,9,23,1.2006
1972,9,24,3.0965
1972,9,25,1.7592
1972,9,26,4.4219
1972,9,27,5.8186
1972,9,28,4.7012
1972,9,29,4.9568
1972,9,30,5.6462
1972,10,1,4.3506
1972,10,2,3.3758
1972,10,3,2.2169
1972,10,4,1.7592
1972,10,5,1.4858
1972,10,6,1.2659
1972,10,7,0.9866
1972,10,8,0.81425
1972,10,9,0.64783
1972,10,10,0.52896
1972,10,11,0.61217
1972,10,12,1.0698
1972,10,13,1.0163
1972,10,14,0.8083
1972,10,15,0.63594
1972,10,16,0.57057
1972,10,17,0.52896
1972,10,18,0.44575
1972,10,19,0.38632
1972,10,20,0.35066
1972,10,21,0.33877
1972,10,22,0.40415
1972,10,23,0.63
1972,10,24,0.99255
1972,10,25,0.79047
1972,10,26,0.64783
1972,10,27,0.56462
1972,10,28,0.51113
1972,10,29,0.4933
1972,10,30,0.48142
1972,10,31,0.48142
1972,11,1,0.64783
1972,11,2,5.0935
1972,11,3,6.716
1972,11,4,5.2421
1972,11,5,3.6433
1972,11,6,2.7458
1972,11,7,2.4487
1972,11,8,3.3758
1972,11,9,2.734
1972,11,10,1.8603
1972,11,11,1.5334
1972,11,12,1.2125
1972,11,13,4.3387
1972,11,14,9.2123
1972,11,15,8.4396
1972,11,16,5.4085
1972,11,17,3.7384
1972,11,18,3.1084
1972,11,19,2.3655
1972,11,20,2.8588
1972,11,21,2.8528
1972,11,22,1.9613
1972,11,23,1.3135
1972,11,24,1.046
1972,11,25,0.95689
1972,11,26,1.0401
1972,11,27,1.046
1972,11,28,0.95689
1972,11,29,0.84991
1972,11,30,0.80236
1972,12,1,0.77264
1972,12,2,0.66566
1972,12,3,0.60028
1972,12,4,0.56462
1972,12,5,0.54679
1972,12,6,2.6151
1972,12,7,3.6433
1972,12,8,2.0089
1972,12,9,1.1233
1972,12,10,0.8083
1972,12,11,0.62406
1972,12,12,0.85585
1972,12,13,5.3788
1972,12,14,4.6775
1972,12,15,3.358
1972,12,16,1.8425
1972,12,17,0.80236
1972,12,18,0.98066
1972,12,19,0.71915
1972,12,20,1.2362
1972,12,21,2.3833
1972,12,22,2.3595
1972,12,23,1.5453
1972,12,24,1.2481
1972,12,25,1.8365
1972,12,26,1.6166
1972,12,27,1.1887
1972,12,28,0.96877
1972,12,29,1.153
1972,12,30,4.8974
1972,12,31,6.5972
1973,1,1,4.9449
1973,1,2,3.4056
1973,1,3,2.1872
1973,1,4,3.8513
1973,1,5,3.3164
1973,1,6,1.6642
1973,1,7,0.98066
1973,1,8,0.76075
1973,1,9,0.63594
1973,1,10,0.59434
1973,1,11,0.53491
1973,1,12,0.47547
1973,1,13,0.41604
1973,1,14,0.38038
1973,1,15,0.36849
1973,1,16,0.33877
1973,1,17,0.34472
1973,1,18,0.37443
1973,1,19,0.51113
1973,1,20,0.43387
1973,1,21,0.39821
1973,1,22,1.5631
1973,1,23,3.4709
1973,1,24,1.7474
1973,1,25,0.89745
1973,1,26,0.90934
1973,1,27,1.0936
1973,1,28,1.5988
1973,1,29,2.4665
1973,1,30,1.4442
1973,1,31,0.92717
1973,2,1,0.87962
1973,2,2,3.994
1973,2,3,4.7428
1973,2,4,3.6492
1973,2,5,2.7042
1973,2,6,1.6344
1973,2,7,1.1471
1973,2,8,0.95094
1973,2,9,0.75481
1973,2,10,0.66566
1973,2,11,0.56462
1973,2,12,0.49925
1973,2,13,0.46358
1973,2,14,0.44575
1973,2,15,0.47547
1973,2,16,0.39226
1973,2,17,0.3566
1973,2,18,0.33877
1973,2,19,0.36255
1973,2,20,0.3566
1973,2,21,0.33877
1973,2,22,0.32094
1973,2,23,0.33283
1973,2,24,0.30906
1973,2,25,0.28528
1973,2,26,0.27934
1973,2,27,0.26151
1973,2,28,0.26151
1973,3,1,0.25557
1973,3,2,0.26745
1973,3,3,0.32094
1973,3,4,0.43981
1973,3,5,0.8083
1973,3,6,2.0029
1973,3,7,1.361
1973,3,8,1.0104
1973,3,9,0.96877
1973,3,10,3.3758
1973,3,11,6.4783
1973,3,12,6.1217
1973,3,13,3.7919
1973,3,14,3.887
1973,3,15,5.3193
1973,3,16,3.9761
1973,3,17,5.2956
1973,3,18,5.3431
1973,3,19,5.0875
1973,3,20,4.517
1973,3,21,3.9226
1973,3,22,3.5839
1973,3,23,3.0906
1973,3,24,2.1931
1973,3,25,2.835
1973,3,26,6.0623
1973,3,27,5.7473
1973,3,28,3.887
1973,3,29,3.0549
1973,3,30,2.312
1973,3,31,1.9375
1973,4,1,3.6908
1973,4,2,3.7087
1973,4,3,2.8707
1973,4,4,2.1575
1973,4,5,2.3952
1973,4,6,1.6879
1973,4,7,1.2362
1973,4,8,0.99255
1973,4,9,0.8083
1973,4,10,0.79047
1973,4,11,0.66566
1973,4,12,0.68349
1973,4,13,1.367
1973,4,14,1.0639
1973,4,15,0.83802
1973,4,16,0.74887
1973,4,17,1.3848
1973,4,18,1.5988
1973,4,19,1.4442
1973,4,20,1.4858
1973,4,21,1.1768
1973,4,22,2.1396
1973,4,23,3.9999
1973,4,24,3.043
1973,4,25,1.5572
1973,4,26,1.0104
1973,4,27,0.79047
1973,4,28,0.65972
1973,4,29,0.55274
1973,4,30,0.53491
1973,5,1,0.53491
1973,5,2,0.51708
1973,5,3,0.50519
1973,5,4,0.45764
1973,5,5,0.41009
1973,5,6,0.38038
1973,5,7,0.36849
1973,5,8,0.4517
1973,5,9,0.52302
1973,5,10,0.53491
1973,5,11,0.44575
1973,5,12,0.39226
1973,5,13,0.36255
1973,5,14,0.33283
1973,5,15,0.30311
1973,5,16,0.29123
1973,5,17,0.28528
1973,5,18,0.27934
1973,5,19,0.28528
1973,5,20,0.33283
1973,5,21,0.29123
1973,5,22,0.26745
1973,5,23,0.26745
1973,5,24,0.26745
1973,5,25,0.25557
1973,5,26,0.24368
1973,5,27,0.23179
1973,5,28,0.27934
1973,5,29,0.42198
1973,5,30,0.79642
1973,5,31,0.54085
1973,6,1,0.40415
1973,6,2,0.32689
1973,6,3,0.30311
1973,6,4,1.2422
1973,6,5,3.9108
1973,6,6,3.9583
1973,6,7,3.8275
1973,6,8,2.5259
1973,6,9,1.1649
1973,6,10,0.80236
1973,6,11,0.64783
1973,6,12,0.56462
1973,6,13,0.52896
1973,6,14,0.46953
1973,6,15,0.42198
1973,6,16,0.42792
1973,6,17,0.4933
1973,6,18,0.52896
1973,6,19,0.46953
1973,6,20,0.39821
1973,6,21,0.35066
1973,6,22,0.32094
1973,6,23,0.29123
1973,6,24,0.2734
1973,6,25,0.26151
1973,6,26,0.56462
1973,6,27,1.468
1973,6,28,0.95094
1973,6,29,0.71915
1973,6,30,0.47547
1973,7,1,0.38038
1973,7,2,0.32094
1973,7,3,0.29123
1973,7,4,0.2734
1973,7,5,0.2734
1973,7,6,0.24368
1973,7,7,0.21991
1973,7,8,0.20208
1973,7,9,0.18425
1973,7,10,0.1783
1973,7,11,0.16642
1973,7,12,0.15453
1973,7,13,0.14264
1973,7,14,0.1367
1973,7,15,0.12481
1973,7,16,0.11887
1973,7,17,0.11887
1973,7,18,0.10698
1973,7,19,0.10104
1973,7,20,0.14264
1973,7,21,0.42198
1973,7,22,0.56462
1973,7,23,0.42198
1973,7,24,0.42792
1973,7,25,0.71321
1973,7,26,3.2094
1973,7,27,1.9613
1973,7,28,0.68943
1973,7,29,0.43981
1973,7,30,0.70726
1973,7,31,2.1693
1973,8,1,2.734
1973,8,2,0.92717
1973,8,3,0.60623
1973,8,4,0.46358
1973,8,5,0.36255
1973,8,6,0.29717
1973,8,7,0.25557
1973,8,8,0.21991
1973,8,9,0.19613
1973,8,10,0.1783
1973,8,11,0.19613
1973,8,12,0.20208
1973,8,13,0.1783
1973,8,14,4.832
1973,8,15,11.887
1973,8,16,11.174
1973,8,17,8.0236
1973,8,18,3.6314
1973,8,19,2.0505
1973,8,20,1.1411
1973,8,21,0.8083
1973,8,22,0.60028
1973,8,23,0.47547
1973,8,24,0.46953
1973,8,25,0.60028
1973,8,26,0.50519
1973,8,27,0.38632
1973,8,28,0.315
1973,8,29,0.2734
1973,8,30,0.24368
1973,8,31,0.25557
1973,9,1,0.23179
1973,9,2,0.20802
1973,9,3,0.19613
1973,9,4,0.1783
1973,9,5,0.16642
1973,9,6,0.16047
1973,9,7,0.14858
1973,9,8,0.14858
1973,9,9,0.1367
1973,9,10,0.1367
1973,9,11,0.13075
1973,9,12,0.12481
1973,9,13,0.11887
1973,9,14,0.1367
1973,9,15,0.16047
1973,9,16,0.19613
1973,9,17,0.16047
1973,9,18,0.14858
1973,9,19,0.1367
1973,9,20,0.13075
1973,9,21,0.13075
1973,9,22,0.1367
1973,9,23,0.1367
1973,9,24,0.1367
1973,9,25,0.1367
1973,9,26,0.11292
1973,9,27,0.10698
1973,9,28,0.10698
1973,9,29,0.14264
1973,9,30,0.13075
1973,10,1,0.12481
1973,10,2,0.14264
1973,10,3,0.14264
1973,10,4,0.14858
1973,10,5,0.19019
1973,10,6,0.20208
1973,10,7,0.20802
1973,10,8,0.1783
1973,10,9,0.15453
1973,10,10,0.14264
1973,10,11,0.1367
1973,10,12,0.13075
1973,10,13,0.1367
1973,10,14,0.14264
1973,10,15,0.1367
1973,10,16,0.13075
1973,10,17,0.12481
1973,10,18,0.12481
1973,10,19,0.11887
1973,10,20,0.13075
1973,10,21,0.1367
1973,10,22,0.12481
1973,10,23,0.13075
1973,10,24,0.14264
1973,10,25,0.15453
1973,10,26,0.16047
1973,10,27,0.17236
1973,10,28,0.1783
1973,10,29,0.18425
1973,10,30,0.20208
1973,10,31,0.23179
1973,11,1,0.23774
1973,11,2,0.25557
1973,11,3,0.20802
1973,11,4,0.17236
1973,11,5,0.14264
1973,11,6,0.12481
1973,11,7,0.11292
1973,11,8,0.11292
1973,11,9,0.10698
1973,11,10,0.10104
1973,11,11,0.10104
1973,11,12,0.10698
1973,11,13,0.10698
1973,11,14,0.14264
1973,11,15,0.23774
1973,11,16,0.6716
1973,11,17,0.46358
1973,11,18,0.35066
1973,11,19,0.2734
1973,11,20,0.23774
1973,11,21,0.22585
1973,11,22,0.21991
1973,11,23,0.29123
1973,11,24,3.0014
1973,11,25,5.3609
1973,11,26,4.9449
1973,11,27,7.4292
1973,11,28,8.9745
1973,11,29,7.0726
1973,11,30,4.3506
1973,12,1,3.4056
1973,12,2,2.5378
1973,12,3,2.0921
1973,12,4,2.4071
1973,12,5,1.4442
1973,12,6,0.93906
1973,12,7,0.79047
1973,12,8,0.72509
1973,12,9,0.66566
1973,12,10,0.56462
1973,12,11,0.52302
1973,12,12,0.56462
1973,12,13,0.52896
1973,12,14,0.48142
1973,12,15,0.44575
1973,12,16,0.40415
1973,12,17,0.3566
1973,12,18,0.315
1973,12,19,0.29717
1973,12,20,0.2734
1973,12,21,0.25557
1973,12,22,0.3566
1973,12,23,0.33877
1973,12,24,2.9836
1973,12,25,7.8453
1973,12,26,11.59
1973,12,27,11.708
1973,12,28,8.2613
1973,12,29,4.6953
1973,12,30,3.8157
1973,12,31,3.251
1974,1,1,2.2882
1974,1,2,1.7474
1974,1,3,1.361
1974,1,4,1.0639
1974,1,5,0.92123
1974,1,6,0.8083
1974,1,7,0.67755
1974,1,8,0.59434
1974,1,9,0.52302
1974,1,10,0.47547
1974,1,11,0.4517
1974,1,12,0.41604
1974,1,13,0.53491
1974,1,14,0.47547
1974,1,15,0.46358
1974,1,16,0.51708
1974,1,17,1.1292
1974,1,18,2.5557
1974,1,19,7.8453
1974,1,20,13.848
1974,1,21,21.872
1974,1,22,17.295
1974,1,23,11.53
1974,1,24,7.9642
1974,1,25,4.5467
1974,1,26,4.5526
1974,1,27,7.3698
1974,1,28,6.3
1974,1,29,6.2406
1974,1,30,4.6596
1974,1,31,3.7265
1974,2,1,3.0014
1974,2,2,2.1396
1974,2,3,1.4205
1974,2,4,1.0104
1974,2,5,0.82613
1974,2,6,0.75481
1974,2,7,0.69538
1974,2,8,0.61811
1974,2,9,0.52896
1974,2,10,0.48142
1974,2,11,0.43981
1974,2,12,0.38038
1974,2,13,0.53491
1974,2,14,1.0876
1974,2,15,0.79642
1974,2,16,0.64189
1974,2,17,0.62406
1974,2,18,0.77264
1974,2,19,2.0029
1974,2,20,4.0237
1974,2,21,3.15
1974,2,22,5.8958
1974,2,23,5.254
1974,2,24,3.5066
1974,2,25,2.0326
1974,2,26,1.1887
1974,2,27,0.93311
1974,2,28,1.2125
1974,3,1,1.6998
1974,3,2,1.5096
1974,3,3,1.2778
1974,3,4,3.3164
1974,3,5,7.1321
1974,3,6,6.1217
1974,3,7,3.8157
1974,3,8,2.8647
1974,3,9,3.3045
1974,3,10,3.7206
1974,3,11,2.5616
1974,3,12,1.5691
1974,3,13,1.0639
1974,3,14,0.83802
1974,3,15,0.86774
1974,3,16,1.5393
1974,3,17,1.2541
1974,3,18,0.96283
1974,3,19,0.86179
1974,3,20,0.71321
1974,3,21,0.66566
1974,3,22,0.60028
1974,3,23,0.55274
1974,3,24,0.4933
1974,3,25,0.44575
1974,3,26,0.4517
1974,3,27,0.43981
1974,3,28,0.45764
1974,3,29,3.3283
1974,3,30,6.6566
1974,3,31,7.8453
1974,4,1,5.1351
1974,4,2,4.7547
1974,4,3,3.9345
1974,4,4,6.5972
1974,4,5,6.4783
1974,4,6,4.4041
1974,4,7,3.2273
1974,4,8,3.9524
1974,4,9,3.8157
1974,4,10,3.0608
1974,4,11,2.0386
1974,4,12,1.5572
1974,4,13,1.1946
1974,4,14,0.95094
1974,4,15,0.76075
1974,4,16,0.61811
1974,4,17,0.53491
1974,4,18,0.50519
1974,4,19,0.48736
1974,4,20,0.44575
1974,4,21,0.43387
1974,4,22,0.4517
1974,4,23,0.41009
1974,4,24,0.36255
1974,4,25,0.33283
1974,4,26,0.32689
1974,4,27,0.32094
1974,4,28,0.32689
1974,4,29,0.32689
1974,4,30,0.33877
1974,5,1,0.32689
1974,5,2,0.315
1974,5,3,0.33283
1974,5,4,0.30906
1974,5,5,0.29123
1974,5,6,0.28528
1974,5,7,0.2734
1974,5,8,0.63
1974,5,9,3.6314
1974,5,10,3.0549
1974,5,11,1.5393
1974,5,12,1.575
1974,5,13,2.0802
1974,5,14,1.0223
1974,5,15,3.5542
1974,5,16,4.6418
1974,5,17,5.0875
1974,5,18,5.8186
1974,5,19,4.4813
1974,5,20,3.3937
1974,5,21,2.2942
1974,5,22,1.6879
1974,5,23,2.0742
1974,5,24,2.7042
1974,5,25,1.1471
1974,5,26,0.80236
1974,5,27,0.65377
1974,5,28,0.54679
1974,5,29,0.51708
1974,5,30,0.48736
1974,5,31,0.43981
1974,6,1,0.39226
1974,6,2,0.35066
1974,6,3,0.33283
1974,6,4,0.315
1974,6,5,0.35066
1974,6,6,0.34472
1974,6,7,0.36849
1974,6,8,0.41009
1974,6,9,0.41604
1974,6,10,0.39226
1974,6,11,0.33877
1974,6,12,0.32094
1974,6,13,0.29717
1974,6,14,0.27934
1974,6,15,0.26745
1974,6,16,0.26151
1974,6,17,0.24962
1974,6,18,0.23774
1974,6,19,0.22585
1974,6,20,0.21991
1974,6,21,0.28528
1974,6,22,0.49925
1974,6,23,2.2882
1974,6,24,1.4621
1974,6,25,0.68349
1974,6,26,0.49925
1974,6,27,0.40415
1974,6,28,0.34472
1974,6,29,0.32094
1974,6,30,0.29717
1974,7,1,0.27934
1974,7,2,0.25557
1974,7,3,0.23774
1974,7,4,0.21991
1974,7,5,0.21396
1974,7,6,0.20208
1974,7,7,0.19613
1974,7,8,0.18425
1974,7,9,0.18425
1974,7,10,0.1783
1974,7,11,0.17236
1974,7,12,0.16047
1974,7,13,0.14858
1974,7,14,0.14264
1974,7,15,0.14264
1974,7,16,0.1367
1974,7,17,0.13075
1974,7,18,0.11887
1974,7,19,0.11292
1974,7,20,0.10698
1974,7,21,0.10104
1974,7,22,0.095094
1974,7,23,0.11292
1974,7,24,0.11887
1974,7,25,0.10104
1974,7,26,0.095094
1974,7,27,0.089151
1974,7,28,0.077264
1974,7,29,0.077264
1974,7,30,0.071321
1974,7,31,0.065377
1974,8,1,0.059434
1974,8,2,0.077264
1974,8,3,0.089151
1974,8,4,0.077264
1974,8,5,0.071321
1974,8,6,0.065377
1974,8,7,0.059434
1974,8,8,0.083208
1974,8,9,0.071321
1974,8,10,0.065377
1974,8,11,0.077264
1974,8,12,0.083208
1974,8,13,0.065377
1974,8,14,0.058245
1974,8,15,0.055274
1974,8,16,0.052302
1974,8,17,0.14858
1974,8,18,0.14264
1974,8,19,0.14858
1974,8,20,0.10698
1974,8,21,0.065377
1974,8,22,0.050519
1974,8,23,0.058245
1974,8,24,0.051113
1974,8,25,0.047547
1974,8,26,0.04517
1974,8,27,0.053491
1974,8,28,0.28528
1974,8,29,0.34472
1974,8,30,0.19613
1974,8,31,0.1367
1974,9,1,0.11292
1974,9,2,0.089151
1974,9,3,0.10104
1974,9,4,0.095094
1974,9,5,0.083208
1974,9,6,0.071321
1974,9,7,0.065377
1974,9,8,0.065377
1974,9,9,0.089151
1974,9,10,0.083208
1974,9,11,0.089151
1974,9,12,0.1367
1974,9,13,0.21991
1974,9,14,0.15453
1974,9,15,0.11292
1974,9,16,0.095094
1974,9,17,0.077264
1974,9,18,0.071321
1974,9,19,0.065377
1974,9,20,0.065377
1974,9,21,0.057057
1974,9,22,0.057057
1974,9,23,0.052302
1974,9,24,0.054679
1974,9,25,0.049925
1974,9,26,0.049925
1974,9,27,0.052302
1974,9,28,0.057057
1974,9,29,0.071321
1974,9,30,0.077264
1974,10,1,0.065377
1974,10,2,0.059434
1974,10,3,0.071321
1974,10,4,0.071321
1974,10,5,0.071321
1974,10,6,0.065377
1974,10,7,0.065377
1974,10,8,0.065377
1974,10,9,0.065377
1974,10,10,0.065377
1974,10,11,0.065377
1974,10,12,0.065377
1974,10,13,0.065377
1974,10,14,0.083208
1974,10,15,0.11887
1974,10,16,0.077264
1974,10,17,0.071321
1974,10,18,0.077264
1974,10,19,0.077264
1974,10,20,0.077264
1974,10,21,0.071321
1974,10,22,0.065377
1974,10,23,0.083208
1974,10,24,0.077264
1974,10,25,0.077264
1974,10,26,0.071321
1974,10,27,0.077264
1974,10,28,0.071321
1974,10,29,0.077264
1974,10,30,0.089151
1974,10,31,0.089151
1974,11,1,0.077264
1974,11,2,0.077264
1974,11,3,0.083208
1974,11,4,0.089151
1974,11,5,0.12481
1974,11,6,0.12481
1974,11,7,0.095094
1974,11,8,0.083208
1974,11,9,0.077264
1974,11,10,0.071321
1974,11,11,0.077264
1974,11,12,0.077264
1974,11,13,0.077264
1974,11,14,0.095094
1974,11,15,0.12481
1974,11,16,0.10698
1974,11,17,0.10698
1974,11,18,0.11292
1974,11,19,0.11292
1974,11,20,0.10698
1974,11,21,0.095094
1974,11,22,0.083208
1974,11,23,0.083208
1974,11,24,0.083208
1974,11,25,0.083208
1974,11,26,0.077264
1974,11,27,0.077264
1974,11,28,0.077264
1974,11,29,0.077264
1974,11,30,0.071321
1974,12,1,0.083208
1974,12,2,0.095094
1974,12,3,0.089151
1974,12,4,0.083208
1974,12,5,0.077264
1974,12,6,0.077264
1974,12,7,0.083208
1974,12,8,0.32094
1974,12,9,0.52302
1974,12,10,0.43387
1974,12,11,0.30311
1974,12,12,0.35066
1974,12,13,0.61811
1974,12,14,0.90934
1974,12,15,1.3551
1974,12,16,2.419
1974,12,17,1.7533
1974,12,18,1.1233
1974,12,19,0.82613
1974,12,20,0.62406
1974,12,21,0.52896
1974,12,22,0.45764
1974,12,23,0.42198
1974,12,24,2.0208
1974,12,25,3.2629
1974,12,26,2.098
1974,12,27,1.3313
1974,12,28,0.99255
1974,12,29,0.79047
1974,12,30,0.74887
1974,12,31,0.83802
1975,1,1,1.5928
1975,1,2,1.361
1975,1,3,1.0817
1975,1,4,0.89745
1975,1,5,0.70726
1975,1,6,0.64783
1975,1,7,0.63594
1975,1,8,1.5334
1975,1,9,3.8454
1975,1,10,3.465
1975,1,11,5.141
1975,1,12,3.1797
1975,1,13,1.7771
1975,1,14,1.3194
1975,1,15,1.0579
1975,1,16,0.73698
1975,1,17,0.58245
1975,1,18,0.56462
1975,1,19,0.51708
1975,1,20,0.47547
1975,1,21,0.43387
1975,1,22,0.39821
1975,1,23,0.36849
1975,1,24,0.39821
1975,1,25,0.80236
1975,1,26,1.046
1975,1,27,0.70726
1975,1,28,0.57651
1975,1,29,5.0459
1975,1,30,5.7592
1975,1,31,3.2094
1975,2,1,2.3298
1975,2,2,1.8781
1975,2,3,1.4621
1975,2,4,1.2243
1975,2,5,1.1708
1975,2,6,1.5393
1975,2,7,1.3373
1975,2,8,1.0044
1975,2,9,0.75481
1975,2,10,1.0401
1975,2,11,0.74292
1975,2,12,0.54679
1975,2,13,0.46953
1975,2,14,0.43387
1975,2,15,0.42792
1975,2,16,0.52896
1975,2,17,1.0817
1975,2,18,2.2882
1975,2,19,1.8484
1975,2,20,1.3373
1975,2,21,1.2541
1975,2,22,2.1634
1975,2,23,9.2123
1975,2,24,10.995
1975,2,25,8.5585
1975,2,26,4.0415
1975,2,27,2.5735
1975,2,28,1.9851
1975,3,1,1.5393
1975,3,2,1.1827
1975,3,3,0.90934
1975,3,4,0.77264
1975,3,5,0.69538
1975,3,6,0.67755
1975,3,7,0.80236
1975,3,8,0.89745
1975,3,9,0.76075
1975,3,10,0.73698
1975,3,11,0.68349
1975,3,12,0.70726
1975,3,13,0.73698
1975,3,14,0.68349
1975,3,15,0.63
1975,3,16,0.72509
1975,3,17,1.046
1975,3,18,1.4086
1975,3,19,1.6642
1975,3,20,1.5037
1975,3,21,1.159
1975,3,22,1.0342
1975,3,23,0.81425
1975,3,24,0.76075
1975,3,25,0.66566
1975,3,26,0.52896
1975,3,27,0.45764
1975,3,28,0.48736
1975,3,29,1.0044
1975,3,30,1.5037
1975,3,31,1.0342
1975,4,1,0.77858
1975,4,2,0.68943
1975,4,3,0.81425
1975,4,4,0.70726
1975,4,5,0.61217
1975,4,6,0.55868
1975,4,7,0.52302
1975,4,8,0.48736
1975,4,9,0.46358
1975,4,10,0.44575
1975,4,11,0.42198
1975,4,12,0.38632
1975,4,13,0.36255
1975,4,14,0.33877
1975,4,15,0.33877
1975,4,16,0.32689
1975,4,17,0.32094
1975,4,18,0.36255
1975,4,19,0.66566
1975,4,20,0.60028
1975,4,21,0.43387
1975,4,22,0.39226
1975,4,23,0.43387
1975,4,24,1.4145
1975,4,25,1.8543
1975,4,26,1.1649
1975,4,27,0.96283
1975,4,28,3.364
1975,4,29,2.8944
1975,4,30,1.7711
1975,5,1,1.6939
1975,5,2,1.3432
1975,5,3,1.1055
1975,5,4,0.98066
1975,5,5,0.8083
1975,5,6,0.70726
1975,5,7,0.60623
1975,5,8,0.54085
1975,5,9,0.49925
1975,5,10,0.46358
1975,5,11,0.4517
1975,5,12,0.45764
1975,5,13,0.42792
1975,5,14,0.38632
1975,5,15,0.38038
1975,5,16,0.38038
1975,5,17,0.35066
1975,5,18,0.33877
1975,5,19,0.34472
1975,5,20,0.32689
1975,5,21,0.315
1975,5,22,0.65972
1975,5,23,1.3254
1975,5,24,0.79047
1975,5,25,0.77858
1975,5,26,0.6716
1975,5,27,0.7667
1975,5,28,0.4933
1975,5,29,0.41009
1975,5,30,0.6716
1975,5,31,0.69538
1975,6,1,0.51708
1975,6,2,1.3075
1975,6,3,1.0817
1975,6,4,0.78453
1975,6,5,0.62406
1975,6,6,0.52896
1975,6,7,0.4517
1975,6,8,0.36849
1975,6,9,0.32094
1975,6,10,0.28528
1975,6,11,0.38632
1975,6,12,1.5928
1975,6,13,1.0817
1975,6,14,1.3967
1975,6,15,7.9047
1975,6,16,7.2509
1975,6,17,3.566
1975,6,18,2.1099
1975,6,19,1.4383
1975,6,20,1.046
1975,6,21,0.78453
1975,6,22,0.64783
1975,6,23,0.82019
1975,6,24,0.80236
1975,6,25,0.51113
1975,6,26,0.61217
1975,6,27,0.89151
1975,6,28,0.63594
1975,6,29,0.46358
1975,6,30,0.36255
1975,7,1,0.30906
1975,7,2,0.26745
1975,7,3,0.24368
1975,7,4,0.23179
1975,7,5,0.21396
1975,7,6,0.20802
1975,7,7,0.20208
1975,7,8,0.1783
1975,7,9,0.16047
1975,7,10,0.14858
1975,7,11,0.14264
1975,7,12,0.1367
1975,7,13,0.1367
1975,7,14,0.1367
1975,7,15,0.1367
1975,7,16,0.12481
1975,7,17,0.11292
1975,7,18,0.11887
1975,7,19,0.12481
1975,7,20,0.11887
1975,7,21,0.11292
1975,7,22,0.10104
1975,7,23,0.089151
1975,7,24,0.095094
1975,7,25,0.083208
1975,7,26,0.077264
1975,7,27,0.077264
1975,7,28,0.077264
1975,7,29,0.071321
1975,7,30,0.071321
1975,7,31,0.065377
1975,8,1,0.065377
1975,8,2,0.071321
1975,8,3,0.26151
1975,8,4,0.18425
1975,8,5,0.10698
1975,8,6,0.083208
1975,8,7,0.077264
1975,8,8,0.071321
1975,8,9,0.071321
1975,8,10,0.077264
1975,8,11,0.39226
1975,8,12,0.40415
1975,8,13,0.18425
1975,8,14,0.12481
1975,8,15,0.77858
1975,8,16,0.39226
1975,8,17,0.20208
1975,8,18,0.14858
1975,8,19,0.11887
1975,8,20,0.10104
1975,8,21,0.089151
1975,8,22,0.089151
1975,8,23,1.0579
1975,8,24,0.41604
1975,8,25,0.20802
1975,8,26,0.46358
1975,8,27,0.4933
1975,8,28,0.23179
1975,8,29,0.90934
1975,8,30,3.2392
1975,8,31,1.789
1975,9,1,1.0936
1975,9,2,0.65377
1975,9,3,0.43981
1975,9,4,0.32094
1975,9,5,0.3566
1975,9,6,0.84396
1975,9,7,0.39226
1975,9,8,0.26745
1975,9,9,0.21396
1975,9,10,0.1783
1975,9,11,0.32689
1975,9,12,0.63594
1975,9,13,0.315
1975,9,14,0.22585
1975,9,15,0.18425
1975,9,16,0.19613
1975,9,17,0.19613
1975,9,18,0.1783
1975,9,19,0.23179
1975,9,20,0.315
1975,9,21,0.23179
1975,9,22,0.19613
1975,9,23,0.16642
1975,9,24,0.15453
1975,9,25,0.1367
1975,9,26,0.1367
1975,9,27,0.13075
1975,9,28,0.12481
1975,9,29,0.11887
1975,9,30,0.11292
1975,10,1,0.10698
1975,10,2,0.10104
1975,10,3,0.095094
1975,10,4,0.089151
1975,10,5,0.089151
1975,10,6,0.083208
1975,10,7,0.083208
1975,10,8,0.10104
1975,10,9,0.19019
1975,10,10,0.15453
1975,10,11,0.12481
1975,10,12,0.11292
1975,10,13,0.10698
1975,10,14,0.10104
1975,10,15,0.095094
1975,10,16,0.10698
1975,10,17,0.095094
1975,10,18,0.10104
1975,10,19,0.1367
1975,10,20,0.14858
1975,10,21,0.13075
1975,10,22,0.12481
1975,10,23,0.13075
1975,10,24,0.11292
1975,10,25,0.14858
1975,10,26,0.20802
1975,10,27,0.16642
1975,10,28,0.14264
1975,10,29,0.13075
1975,10,30,0.11887
1975,10,31,0.11292
1975,11,1,0.11292
1975,11,2,0.11292
1975,11,3,0.11292
1975,11,4,0.11292
1975,11,5,0.10698
1975,11,6,0.10104
1975,11,7,0.13075
1975,11,8,0.17236
1975,11,9,0.14858
1975,11,10,0.14264
1975,11,11,0.14264
1975,11,12,0.1367
1975,11,13,0.13075
1975,11,14,0.11887
1975,11,15,0.10698
1975,11,16,0.10698
1975,11,17,0.10104
1975,11,18,0.089151
1975,11,19,0.089151
1975,11,20,0.10104
1975,11,21,0.11292
1975,11,22,0.11292
1975,11,23,0.089151
1975,11,24,0.083208
1975,11,25,0.089151
1975,11,26,0.083208
1975,11,27,0.095094
1975,11,28,0.095094
1975,11,29,0.17236
1975,11,30,2.0386
1975,12,1,2.4962
1975,12,2,1.3313
1975,12,3,0.82019
1975,12,4,0.58245
1975,12,5,0.51708
1975,12,6,0.61217
1975,12,7,0.91528
1975,12,8,0.74887
1975,12,9,0.63
1975,12,10,0.52896
1975,12,11,0.45764
1975,12,12,0.40415
1975,12,13,0.49925
1975,12,14,0.59434
1975,12,15,5.2837
1975,12,16,4.9211
1975,12,17,2.6389
1975,12,18,1.6166
1975,12,19,1.1233
1975,12,20,0.89151
1975,12,21,0.65972
1975,12,22,0.54085
1975,12,23,0.48736
1975,12,24,0.42792
1975,12,25,0.40415
1975,12,26,0.42792
1975,12,27,0.38038
1975,12,28,0.33283
1975,12,29,0.30311
1975,12,30,0.51113
1975,12,31,1.2065
1976,1,1,1.0104
1976,1,2,0.7667
1976,1,3,0.8083
1976,1,4,0.61217
1976,1,5,0.55274
1976,1,6,0.50519
1976,1,7,0.48736
1976,1,8,0.43981
1976,1,9,0.41604
1976,1,10,0.39821
1976,1,11,0.38632
1976,1,12,0.38632
1976,1,13,0.46953
1976,1,14,0.92123
1976,1,15,0.85585
1976,1,16,0.72509
1976,1,17,0.47547
1976,1,18,0.3566
1976,1,19,0.34472
1976,1,20,0.3566
1976,1,21,0.34472
1976,1,22,0.33283
1976,1,23,0.315
1976,1,24,0.34472
1976,1,25,0.46358
1976,1,26,3.4472
1976,1,27,3.5066
1976,1,28,2.1693
1976,1,29,1.7711
1976,1,30,1.2125
1976,1,31,0.86774
1976,2,1,0.63594
1976,2,2,0.41604
1976,2,3,0.45764
1976,2,4,0.39226
1976,2,5,0.33877
1976,2,6,0.30311
1976,2,7,0.27934
1976,2,8,0.25557
1976,2,9,0.2734
1976,2,10,2.4546
1976,2,11,8.6179
1976,2,12,7.1321
1976,2,13,7.4292
1976,2,14,5.4323
1976,2,15,3.9108
1976,2,16,7.1321
1976,2,17,11.708
1976,2,18,11.411
1976,2,19,9.1528
1976,2,20,4.2436
1976,2,21,5.1886
1976,2,22,7.4887
1976,2,23,4.3862
1976,2,24,2.8766
1976,2,25,2.3001
1976,2,26,1.8543
1976,2,27,1.5096
1976,2,28,1.2778
1976,2,29,1.0758
1976,3,1,0.88557
1976,3,2,0.82613
1976,3,3,1.1471
1976,3,4,5.462
1976,3,5,8.4991
1976,3,6,5.7294
1976,3,7,2.9539
1976,3,8,2.104
1976,3,9,1.6642
1976,3,10,1.3492
1976,3,11,1.1768
1976,3,12,1.1114
1976,3,13,1.0758
1976,3,14,0.83802
1976,3,15,0.72509
1976,3,16,0.71321
1976,3,17,0.6716
1976,3,18,0.64783
1976,3,19,0.71321
1976,3,20,0.69538
1976,3,21,0.65972
1976,3,22,0.54085
1976,3,23,0.47547
1976,3,24,0.48142
1976,3,25,0.51113
1976,3,26,0.48142
1976,3,27,0.62406
1976,3,28,0.68349
1976,3,29,0.63594
1976,3,30,0.61811
1976,3,31,0.52896
1976,4,1,0.4933
1976,4,2,0.46358
1976,4,3,0.41604
1976,4,4,0.39226
1976,4,5,0.36849
1976,4,6,0.34472
1976,4,7,0.33283
1976,4,8,0.30906
1976,4,9,0.28528
1976,4,10,0.27934
1976,4,11,0.28528
1976,4,12,0.26745
1976,4,13,0.25557
1976,4,14,0.25557
1976,4,15,0.26151
1976,4,16,0.25557
1976,4,17,0.24962
1976,4,18,0.23774
1976,4,19,0.23179
1976,4,20,0.23179
1976,4,21,0.24962
1976,4,22,0.24962
1976,4,23,0.24962
1976,4,24,0.29717
1976,4,25,0.38038
1976,4,26,0.46953
1976,4,27,0.39226
1976,4,28,0.32094
1976,4,29,0.27934
1976,4,30,0.26745
1976,5,1,0.25557
1976,5,2,0.24962
1976,5,3,0.23179
1976,5,4,0.20802
1976,5,5,0.19019
1976,5,6,0.19613
1976,5,7,0.23774
1976,5,8,0.19019
1976,5,9,0.1783
1976,5,10,0.17236
1976,5,11,0.16642
1976,5,12,0.16642
1976,5,13,0.16047
1976,5,14,0.17236
1976,5,15,0.1783
1976,5,16,0.1783
1976,5,17,0.16642
1976,5,18,0.16047
1976,5,19,0.14858
1976,5,20,0.14264
1976,5,21,0.1367
1976,5,22,0.13075
1976,5,23,0.13075
1976,5,24,0.13075
1976,5,25,0.13075
1976,5,26,0.13075
1976,5,27,0.13075
1976,5,28,0.12481
1976,5,29,0.1367
1976,5,30,0.14264
1976,5,31,0.17236
1976,6,1,0.91528
1976,6,2,1.1174
1976,6,3,0.86179
1976,6,4,0.52302
1976,6,5,0.37443
1976,6,6,0.29717
1976,6,7,0.25557
1976,6,8,0.23774
1976,6,9,0.21991
1976,6,10,0.20208
1976,6,11,0.18425
1976,6,12,0.17236
1976,6,13,0.17236
1976,6,14,0.315
1976,6,15,0.21396
1976,6,16,1.9078
1976,6,17,1.1827
1976,6,18,0.61811
1976,6,19,1.2243
1976,6,20,0.56462
1976,6,21,0.36255
1976,6,22,0.29717
1976,6,23,1.1768
1976,6,24,3.8989
1976,6,25,4.1128
1976,6,26,1.9792
1976,6,27,1.159
1976,6,28,1.4145
1976,6,29,1.8127
1976,6,30,1.9732
1976,7,1,2.5081
1976,7,2,1.4799
1976,7,3,0.93906
1976,7,4,0.64783
1976,7,5,0.4933
1976,7,6,0.39821
1976,7,7,0.36255
1976,7,8,0.315
1976,7,9,0.26745
1976,7,10,0.23179
1976,7,11,0.52896
1976,7,12,4.2555
1976,7,13,2.7102
1976,7,14,1.3254
1976,7,15,1.1055
1976,7,16,2.1931
1976,7,17,1.0282
1976,7,18,0.57651
1976,7,19,0.41009
1976,7,20,0.33283
1976,7,21,0.28528
1976,7,22,0.26151
1976,7,23,0.24962
1976,7,24,0.21991
1976,7,25,0.19613
1976,7,26,0.16642
1976,7,27,0.16047
1976,7,28,0.16047
1976,7,29,0.30311
1976,7,30,0.17236
1976,7,31,0.15453
1976,8,1,0.14264
1976,8,2,0.13075
1976,8,3,0.12481
1976,8,4,0.11292
1976,8,5,0.11292
1976,8,6,0.1783
1976,8,7,0.14858
1976,8,8,0.12481
1976,8,9,0.11292
1976,8,10,0.10104
1976,8,11,0.089151
1976,8,12,0.083208
1976,8,13,0.32689
1976,8,14,4.9152
1976,8,15,0.85585
1976,8,16,0.42792
1976,8,17,0.26745
1976,8,18,0.20208
1976,8,19,0.16642
1976,8,20,0.14858
1976,8,21,0.13075
1976,8,22,0.11887
1976,8,23,0.11292
1976,8,24,0.10104
1976,8,25,0.095094
1976,8,26,0.095094
1976,8,27,0.095094
1976,8,28,0.089151
1976,8,29,0.083208
1976,8,30,0.077264
1976,8,31,0.077264
1976,9,1,0.077264
1976,9,2,0.077264
1976,9,3,0.071321
1976,9,4,0.071321
1976,9,5,0.071321
1976,9,6,0.065377
1976,9,7,0.065377
1976,9,8,0.059434
1976,9,9,0.059434
1976,9,10,0.077264
1976,9,11,0.071321
1976,9,12,0.058245
1976,9,13,0.054679
1976,9,14,0.048736
1976,9,15,0.057057
1976,9,16,0.055274
1976,9,17,0.052896
1976,9,18,0.049925
1976,9,19,0.046358
1976,9,20,0.04933
1976,9,21,0.055274
1976,9,22,0.049925
1976,9,23,0.043387
1976,9,24,0.036255
1976,9,25,0.041009
1976,9,26,0.045764
1976,9,27,0.053491
1976,9,28,0.048142
1976,9,29,0.041009
1976,9,30,0.038632
1976,10,1,0.033283
1976,10,2,0.032094
1976,10,3,0.029123
1976,10,4,0.030906
1976,10,5,0.02734
1976,10,6,0.057651
1976,10,7,0.065377
1976,10,8,0.044575
1976,10,9,0.034472
1976,10,10,0.029123
1976,10,11,0.027934
1976,10,12,0.027934
1976,10,13,0.036255
1976,10,14,0.038038
1976,10,15,0.035066
1976,10,16,0.033283
1976,10,17,0.036255
1976,10,18,0.039226
1976,10,19,0.043387
1976,10,20,0.071321
1976,10,21,0.059434
1976,10,22,0.048142
1976,10,23,0.046953
1976,10,24,0.054085
1976,10,25,0.077264
1976,10,26,0.065377
1976,10,27,0.055868
1976,10,28,0.052302
1976,10,29,0.049925
1976,10,30,0.053491
1976,10,31,0.059434
1976,11,1,0.071321
1976,11,2,0.065377
1976,11,3,0.065377
1976,11,4,0.059434
1976,11,5,0.057651
1976,11,6,0.055274
1976,11,7,0.054085
1976,11,8,0.054679
1976,11,9,0.054679
1976,11,10,0.055868
1976,11,11,0.055868
1976,11,12,0.054679
1976,11,13,0.053491
1976,11,14,0.052302
1976,11,15,0.052302
1976,11,16,0.053491
1976,11,17,0.052896
1976,11,18,0.055274
1976,11,19,0.057651
1976,11,20,0.057651
1976,11,21,0.055868
1976,11,22,0.055868
1976,11,23,0.054085
1976,11,24,0.053491
1976,11,25,0.053491
1976,11,26,0.05884
1976,11,27,0.065377
1976,11,28,0.065377
1976,11,29,0.056462
1976,11,30,0.046358
1976,12,1,0.041009
1976,12,2,0.039226
1976,12,3,0.040415
1976,12,4,0.041604
1976,12,5,0.042792
1976,12,6,0.044575
1976,12,7,0.046953
1976,12,8,0.048736
1976,12,9,0.051113
1976,12,10,0.047547
1976,12,11,0.051113
1976,12,12,0.051113
1976,12,13,0.048736
1976,12,14,0.053491
1976,12,15,0.048736
1976,12,16,0.047547
1976,12,17,0.043981
1976,12,18,0.041604
1976,12,19,0.046358
1976,12,20,0.053491
1976,12,21,0.03566
1976,12,22,0.026745
1976,12,23,0.025557
1976,12,24,0.024962
1976,12,25,0.024368
1976,12,26,0.028528
1976,12,27,0.025557
1976,12,28,0.023774
1976,12,29,0.023179
1976,12,30,0.021991
1976,12,31,0.020802
1977,1,1,0.020208
1977,1,2,0.021396
1977,1,3,0.022585
1977,1,4,0.023774
1977,1,5,0.024962
1977,1,6,0.024962
1977,1,7,0.024368
1977,1,8,0.024368
1977,1,9,0.024368
1977,1,10,0.025557
1977,1,11,0.023179
1977,1,12,0.021396
1977,1,13,0.021396
1977,1,14,0.021396
1977,1,15,0.020802
1977,1,16,0.020802
1977,1,17,0.020802
1977,1,18,0.020802
1977,1,19,0.021396
1977,1,20,0.021396
1977,1,21,0.021396
1977,1,22,0.021396
1977,1,23,0.021396
1977,1,24,0.021396
1977,1,25,0.021396
1977,1,26,0.021396
1977,1,27,0.020802
1977,1,28,0.020802
1977,1,29,0.020802
1977,1,30,0.020802
1977,1,31,0.020802
1977,2,1,0.019613
1977,2,2,0.020208
1977,2,3,0.020802
1977,2,4,0.020802
1977,2,5,0.021396
1977,2,6,0.021991
1977,2,7,0.022585
1977,2,8,0.022585
1977,2,9,0.023774
1977,2,10,0.029717
1977,2,11,0.047547
1977,2,12,0.32094
1977,2,13,0.74292
1977,2,14,0.43981
1977,2,15,0.23774
1977,2,16,0.16047
1977,2,17,0.13075
1977,2,18,0.11887
1977,2,19,0.14858
1977,2,20,0.17236
1977,2,21,0.14858
1977,2,22,0.23179
1977,2,23,0.83802
1977,2,24,1.5691
1977,2,25,0.87962
1977,2,26,0.51708
1977,2,27,0.93311
1977,2,28,1.0995
1977,3,1,0.7667
1977,3,2,0.59434
1977,3,3,0.77858
1977,3,4,5.5987
1977,3,5,5.8483
1977,3,6,3.465
1977,3,7,2.0445
1977,3,8,1.4383
1977,3,9,1.2065
1977,3,10,1.0758
1977,3,11,0.85585
1977,3,12,0.79047
1977,3,13,0.81425
1977,3,14,0.70132
1977,3,15,0.57651
1977,3,16,0.48142
1977,3,17,0.42792
1977,3,18,2.2347
1977,3,19,2.8112
1977,3,20,1.8603
1977,3,21,1.4383
1977,3,22,1.2481
1977,3,23,1.2303
1977,3,24,1.8246
1977,3,25,1.5809
1977,3,26,1.3313
1977,3,27,1.1708
1977,3,28,3.5839
1977,3,29,5.2361
1977,3,30,3.1916
1977,3,31,1.9316
1977,4,1,1.3254
1977,4,2,1.6166
1977,4,3,2.2942
1977,4,4,1.9197
1977,4,5,1.6107
1977,4,6,1.2184
1977,4,7,0.945
1977,4,8,0.81425
1977,4,9,0.65972
1977,4,10,0.60623
1977,4,11,0.54679
1977,4,12,0.51113
1977,4,13,0.46953
1977,4,14,0.43981
1977,4,15,0.40415
1977,4,16,0.38632
1977,4,17,0.36255
1977,4,18,0.33877
1977,4,19,0.32094
1977,4,20,0.315
1977,4,21,0.28528
1977,4,22,0.33877
1977,4,23,1.0936
1977,4,24,1.5275
1977,4,25,1.1055
1977,4,26,0.82019
1977,4,27,0.63
1977,4,28,0.55274
1977,4,29,0.46953
1977,4,30,0.40415
1977,5,1,0.38038
1977,5,2,0.61811
1977,5,3,1.1352
1977,5,4,2.1634
1977,5,5,3.6374
1977,5,6,2.4903
1977,5,7,1.8425
1977,5,8,1.4442
1977,5,9,1.1055
1977,5,10,0.86179
1977,5,11,0.69538
1977,5,12,0.57057
1977,5,13,0.51113
1977,5,14,0.45764
1977,5,15,0.42198
1977,5,16,0.36849
1977,5,17,0.33283
1977,5,18,0.30906
1977,5,19,0.29123
1977,5,20,0.28528
1977,5,21,0.26745
1977,5,22,0.24368
1977,5,23,0.23774
1977,5,24,0.22585
1977,5,25,0.21991
1977,5,26,0.22585
1977,5,27,0.20802
1977,5,28,0.18425
1977,5,29,0.18425
1977,5,30,0.24368
1977,5,31,0.1783
1977,6,1,0.15453
1977,6,2,0.14264
1977,6,3,0.14858
1977,6,4,0.1367
1977,6,5,0.13075
1977,6,6,0.21396
1977,6,7,0.22585
1977,6,8,0.22585
1977,6,9,0.22585
1977,6,10,0.16047
1977,6,11,0.15453
1977,6,12,0.14858
1977,6,13,0.13075
1977,6,14,0.12481
1977,6,15,0.11887
1977,6,16,0.11292
1977,6,17,0.10104
1977,6,18,0.10104
1977,6,19,0.089151
1977,6,20,0.083208
1977,6,21,0.077264
1977,6,22,0.071321
1977,6,23,0.077264
1977,6,24,0.071321
1977,6,25,0.071321
1977,6,26,0.071321
1977,6,27,0.083208
1977,6,28,0.071321
1977,6,29,0.071321
1977,6,30,0.077264
1977,7,1,0.083208
1977,7,2,0.065377
1977,7,3,0.05884
1977,7,4,0.056462
1977,7,5,0.052302
1977,7,6,0.049925
1977,7,7,0.054085
1977,7,8,0.32094
1977,7,9,0.14264
1977,7,10,0.089151
1977,7,11,0.17236
1977,7,12,0.16047
1977,7,13,0.10698
1977,7,14,0.077264
1977,7,15,0.065377
1977,7,16,0.065377
1977,7,17,0.065377
1977,7,18,0.055274
1977,7,19,0.055274
1977,7,20,0.052302
1977,7,21,0.052896
1977,7,22,0.054085
1977,7,23,0.051113
1977,7,24,0.045764
1977,7,25,0.11292
1977,7,26,0.10698
1977,7,27,0.065377
1977,7,28,0.059434
1977,7,29,0.058245
1977,7,30,0.055868
1977,7,31,0.057651
1977,8,1,0.055274
1977,8,2,0.052896
1977,8,3,0.049925
1977,8,4,0.048142
1977,8,5,0.065377
1977,8,6,0.10698
1977,8,7,0.17236
1977,8,8,0.23179
1977,8,9,0.21991
1977,8,10,2.6626
1977,8,11,1.3492
1977,8,12,1.0758
1977,8,13,0.68943
1977,8,14,0.43981
1977,8,15,0.30906
1977,8,16,0.23774
1977,8,17,0.29717
1977,8,18,0.68349
1977,8,19,0.45764
1977,8,20,0.30906
1977,8,21,0.36849
1977,8,22,0.29123
1977,8,23,0.21991
1977,8,24,0.1783
1977,8,25,0.14264
1977,8,26,0.12481
1977,8,27,0.11292
1977,8,28,0.10104
1977,8,29,0.13075
1977,8,30,0.1367
1977,8,31,0.11292
1977,9,1,0.10104
1977,9,2,0.095094
1977,9,3,0.095094
1977,9,4,0.089151
1977,9,5,0.083208
1977,9,6,0.077264
1977,9,7,0.077264
1977,9,8,0.071321
1977,9,9,0.071321
1977,9,10,0.065377
1977,9,11,0.059434
1977,9,12,0.065377
1977,9,13,0.54085
1977,9,14,1.789
1977,9,15,1.6047
1977,9,16,1.2184
1977,9,17,0.83208
1977,9,18,0.58245
1977,9,19,0.46358
1977,9,20,0.36255
1977,9,21,0.28528
1977,9,22,0.24368
1977,9,23,0.21396
1977,9,24,0.20802
1977,9,25,0.19613
1977,9,26,0.17236
1977,9,27,0.15453
1977,9,28,0.14264
1977,9,29,0.1367
1977,9,30,0.13075
1977,10,1,1.1887
1977,10,2,3.2213
1977,10,3,2.312
1977,10,4,1.4918
1977,10,5,1.0579
1977,10,6,0.77858
1977,10,7,0.60028
1977,10,8,0.82019
1977,10,9,1.1471
1977,10,10,0.91528
1977,10,11,0.68349
1977,10,12,0.55274
1977,10,13,0.45764
1977,10,14,0.39821
1977,10,15,0.36849
1977,10,16,0.33283
1977,10,17,0.30311
1977,10,18,0.30311
1977,10,19,0.29717
1977,10,20,0.26745
1977,10,21,0.24368
1977,10,22,0.22585
1977,10,23,0.21991
1977,10,24,0.21991
1977,10,25,0.21991
1977,10,26,0.22585
1977,10,27,0.21991
1977,10,28,0.21991
1977,10,29,0.21396
1977,10,30,0.20802
1977,10,31,0.20208
1977,11,1,0.21991
1977,11,2,0.21991
1977,11,3,0.21396
1977,11,4,0.20208
1977,11,5,0.19019
1977,11,6,0.18425
1977,11,7,0.54679
1977,11,8,0.81425
1977,11,9,0.59434
1977,11,10,0.4933
1977,11,11,0.40415
1977,11,12,0.33283
1977,11,13,0.28528
1977,11,14,0.26745
1977,11,15,0.26745
1977,11,16,0.2734
1977,11,17,0.26745
1977,11,18,0.24962
1977,11,19,0.23774
1977,11,20,0.22585
1977,11,21,0.23179
1977,11,22,0.21991
1977,11,23,0.21991
1977,11,24,0.21991
1977,11,25,0.21991
1977,11,26,0.21396
1977,11,27,0.20802
1977,11,28,0.20802
1977,11,29,0.18425
1977,11,30,0.21396
1977,12,1,1.5512
1977,12,2,2.5319
1977,12,3,1.9019
1977,12,4,1.3908
1977,12,5,1.2065
1977,12,6,1.0579
1977,12,7,0.86179
1977,12,8,0.77264
1977,12,9,0.71321
1977,12,10,0.65377
1977,12,11,0.59434
1977,12,12,0.55274
1977,12,13,1.159
1977,12,14,5.3728
1977,12,15,7.2509
1977,12,16,7.0132
1977,12,17,7.667
1977,12,18,8.3208
1977,12,19,6.5972
1977,12,20,4.5705
1977,12,21,3.1738
1977,12,22,2.205
1977,12,23,1.7058
1977,12,24,1.5156
1977,12,25,1.8365
1977,12,26,1.5037
1977,12,27,1.2481
1977,12,28,0.96877
1977,12,29,0.7667
1977,12,30,0.60028
1977,12,31,0.52302
1978,1,1,0.4933
1978,1,2,0.42198
1978,1,3,0.39226
1978,1,4,0.38038
1978,1,5,0.36255
1978,1,6,0.3566
1978,1,7,0.36849
1978,1,8,0.50519
1978,1,9,0.47547
1978,1,10,0.4517
1978,1,11,0.43387
1978,1,12,0.41009
1978,1,13,0.38632
1978,1,14,0.36849
1978,1,15,0.35066
1978,1,16,0.33877
1978,1,17,0.32094
1978,1,18,0.30311
1978,1,19,0.29123
1978,1,20,0.27934
1978,1,21,0.26745
1978,1,22,0.26151
1978,1,23,0.25557
1978,1,24,0.24962
1978,1,25,0.23774
1978,1,26,0.22585
1978,1,27,0.19019
1978,1,28,0.1367
1978,1,29,0.10104
1978,1,30,0.11292
1978,1,31,0.11887
1978,2,1,0.11887
1978,2,2,0.12481
1978,2,3,0.13075
1978,2,4,0.13075
1978,2,5,0.1367
1978,2,6,0.14264
1978,2,7,0.14264
1978,2,8,0.14858
1978,2,9,0.14858
1978,2,10,0.14858
1978,2,11,0.15453
1978,2,12,0.15453
1978,2,13,0.15453
1978,2,14,0.15453
1978,2,15,0.15453
1978,2,16,0.15453
1978,2,17,0.15453
1978,2,18,0.15453
1978,2,19,0.15453
1978,2,20,0.15453
1978,2,21,0.16047
1978,2,22,0.16047
1978,2,23,0.16047
1978,2,24,0.16047
1978,2,25,0.16047
1978,2,26,0.15453
1978,2,27,0.15453
1978,2,28,0.15453
1978,3,1,0.15453
1978,3,2,0.15453
1978,3,3,0.15453
1978,3,4,0.15453
1978,3,5,0.15453
1978,3,6,0.15453
1978,3,7,0.15453
1978,3,8,0.15453
1978,3,9,0.16047
1978,3,10,0.16642
1978,3,11,0.1783
1978,3,12,0.20208
1978,3,13,0.39226
1978,3,14,5.0875
1978,3,15,9.1528
1978,3,16,9.9255
1978,3,17,9.2123
1978,3,18,8.4396
1978,3,19,8.2019
1978,3,20,7.667
1978,3,21,11.59
1978,3,22,12.541
1978,3,23,9.6877
1978,3,24,5.7532
1978,3,25,3.5363
1978,3,26,3.2629
1978,3,27,5.1351
1978,3,28,4.826
1978,3,29,4.1128
1978,3,30,3.0371
1978,3,31,2.4962
1978,4,1,2.1277
1978,4,2,1.5631
1978,4,3,1.5869
1978,4,4,1.6998
1978,4,5,1.6047
1978,4,6,4.3149
1978,4,7,7.667
1978,4,8,4.7547
1978,4,9,2.6389
1978,4,10,1.9732
1978,4,11,2.6508
1978,4,12,2.0148
1978,4,13,1.4264
1978,4,14,1.0342
1978,4,15,0.8083
1978,4,16,0.67755
1978,4,17,0.60028
1978,4,18,0.5884
1978,4,19,0.65377
1978,4,20,1.3432
1978,4,21,1.1649
1978,4,22,0.88557
1978,4,23,0.7667
1978,4,24,1.0579
1978,4,25,4.0593
1978,4,26,4.7785
1978,4,27,2.6032
1978,4,28,1.6701
1978,4,29,1.2243
1978,4,30,0.95094
1978,5,1,0.74292
1978,5,2,0.61217
1978,5,3,0.53491
1978,5,4,0.51113
1978,5,5,0.51113
1978,5,6,0.42792
1978,5,7,0.38038
1978,5,8,0.40415
1978,5,9,0.40415
1978,5,10,0.3566
1978,5,11,0.32094
1978,5,12,0.33283
1978,5,13,0.68349
1978,5,14,0.95094
1978,5,15,1.5275
1978,5,16,1.6642
1978,5,17,1.3313
1978,5,18,1.0223
1978,5,19,0.81425
1978,5,20,0.81425
1978,5,21,0.73104
1978,5,22,0.63
1978,5,23,0.70132
1978,5,24,0.68943
1978,5,25,0.61217
1978,5,26,0.54679
1978,5,27,0.49925
1978,5,28,0.46953
1978,5,29,0.44575
1978,5,30,0.42198
1978,5,31,0.38632
1978,6,1,0.35066
1978,6,2,0.33877
1978,6,3,0.315
1978,6,4,0.29123
1978,6,5,0.26745
1978,6,6,0.24962
1978,6,7,0.36849
1978,6,8,1.0104
1978,6,9,0.65972
1978,6,10,0.4517
1978,6,11,0.36849
1978,6,12,0.34472
1978,6,13,0.315
1978,6,14,0.26745
1978,6,15,0.24368
1978,6,16,0.23774
1978,6,17,0.22585
1978,6,18,0.21991
1978,6,19,0.21396
1978,6,20,0.20208
1978,6,21,0.20802
1978,6,22,0.20208
1978,6,23,0.18425
1978,6,24,0.17236
1978,6,25,0.17236
1978,6,26,0.20802
1978,6,27,0.19613
1978,6,28,0.16642
1978,6,29,0.15453
1978,6,30,0.14264
1978,7,1,0.2734
1978,7,2,3.4175
1978,7,3,5.8008
1978,7,4,3.9108
1978,7,5,2.0921
1978,7,6,1.3492
1978,7,7,1.1887
1978,7,8,1.6166
1978,7,9,0.8083
1978,7,10,0.57651
1978,7,11,0.4517
1978,7,12,0.37443
1978,7,13,0.42198
1978,7,14,0.41009
1978,7,15,0.38038
1978,7,16,0.65972
1978,7,17,0.43387
1978,7,18,0.30906
1978,7,19,0.24368
1978,7,20,0.21991
1978,7,21,0.19613
1978,7,22,0.17236
1978,7,23,0.1783
1978,7,24,0.17236
1978,7,25,0.16047
1978,7,26,0.14858
1978,7,27,0.14264
1978,7,28,0.13075
1978,7,29,0.12481
1978,7,30,0.11887
1978,7,31,0.11887
1978,8,1,0.11292
1978,8,2,0.1367
1978,8,3,0.16642
1978,8,4,0.11887
1978,8,5,0.10698
1978,8,6,0.095094
1978,8,7,0.11887
1978,8,8,0.14264
1978,8,9,0.11887
1978,8,10,0.10698
1978,8,11,0.15453
1978,8,12,0.41604
1978,8,13,0.21396
1978,8,14,0.1367
1978,8,15,0.11887
1978,8,16,0.10104
1978,8,17,0.089151
1978,8,18,0.083208
1978,8,19,0.083208
1978,8,20,0.089151
1978,8,21,0.077264
1978,8,22,0.083208
1978,8,23,0.083208
1978,8,24,0.083208
1978,8,25,0.077264
1978,8,26,0.077264
1978,8,27,0.083208
1978,8,28,0.26151
1978,8,29,0.28528
1978,8,30,0.17236
1978,8,31,0.1367
1978,9,1,0.11292
1978,9,2,0.095094
1978,9,3,0.089151
1978,9,4,0.083208
1978,9,5,0.077264
1978,9,6,0.071321
1978,9,7,0.071321
1978,9,8,0.065377
1978,9,9,0.065377
1978,9,10,0.065377
1978,9,11,0.059434
1978,9,12,0.059434
1978,9,13,0.065377
1978,9,14,0.071321
1978,9,15,0.14264
1978,9,16,0.10698
1978,9,17,0.083208
1978,9,18,0.077264
1978,9,19,0.089151
1978,9,20,0.077264
1978,9,21,0.065377
1978,9,22,0.065377
1978,9,23,0.059434
1978,9,24,0.059434
1978,9,25,0.057651
1978,9,26,0.055274
1978,9,27,0.054085
1978,9,28,0.059434
1978,9,29,0.059434
1978,9,30,0.059434
1978,10,1,0.065377
1978,10,2,0.065377
1978,10,3,0.071321
1978,10,4,0.065377
1978,10,5,0.071321
1978,10,6,0.071321
1978,10,7,0.065377
1978,10,8,0.065377
1978,10,9,0.065377
1978,10,10,0.059434
1978,10,11,0.071321
1978,10,12,0.077264
1978,10,13,0.077264
1978,10,14,0.083208
1978,10,15,0.089151
1978,10,16,0.083208
1978,10,17,0.077264
1978,10,18,0.077264
1978,10,19,0.083208
1978,10,20,0.083208
1978,10,21,0.077264
1978,10,22,0.083208
1978,10,23,0.083208
1978,10,24,0.077264
1978,10,25,0.077264
1978,10,26,0.083208
1978,10,27,0.10104
1978,10,28,0.095094
1978,10,29,0.10104
1978,10,30,0.095094
1978,10,31,0.10104
1978,11,1,0.077264
1978,11,2,0.077264
1978,11,3,0.077264
1978,11,4,0.083208
1978,11,5,0.077264
1978,11,6,0.077264
1978,11,7,0.083208
1978,11,8,0.083208
1978,11,9,0.083208
1978,11,10,0.083208
1978,11,11,0.083208
1978,11,12,0.083208
1978,11,13,0.083208
1978,11,14,0.19019
1978,11,15,0.16642
1978,11,16,0.10698
1978,11,17,0.1367
1978,11,18,0.30311
1978,11,19,0.315
1978,11,20,0.21991
1978,11,21,0.16642
1978,11,22,0.1367
1978,11,23,0.1367
1978,11,24,0.15453
1978,11,25,0.14858
1978,11,26,0.14264
1978,11,27,0.14264
1978,11,28,0.16047
1978,11,29,0.14858
1978,11,30,0.1367
1978,12,1,0.12481
1978,12,2,0.11887
1978,12,3,0.87368
1978,12,4,1.8841
1978,12,5,1.3848
1978,12,6,0.79642
1978,12,7,0.63594
1978,12,8,1.7236
1978,12,9,1.9851
1978,12,10,1.2897
1978,12,11,0.81425
1978,12,12,0.5884
1978,12,13,0.48736
1978,12,14,0.40415
1978,12,15,0.36255
1978,12,16,0.32689
1978,12,17,0.28528
1978,12,18,0.24368
1978,12,19,0.23774
1978,12,20,0.23179
1978,12,21,0.24368
1978,12,22,0.27934
1978,12,23,0.26745
1978,12,24,0.23774
1978,12,25,0.22585
1978,12,26,0.20802
1978,12,27,0.19019
1978,12,28,0.1783
1978,12,29,0.16047
1978,12,30,0.16047
1978,12,31,0.24368
1979,1,1,2.2823
1979,1,2,2.7042
1979,1,3,1.1174
1979,1,4,0.83208
1979,1,5,0.59434
1979,1,6,0.52302
1979,1,7,0.46358
1979,1,8,0.42792
1979,1,9,0.39821
1979,1,10,0.38038
1979,1,11,0.36255
1979,1,12,0.34472
1979,1,13,0.36849
1979,1,14,0.38038
1979,1,15,0.33877
1979,1,16,0.315
1979,1,17,0.29717
1979,1,18,0.27934
1979,1,19,0.26745
1979,1,20,0.26151
1979,1,21,0.29717
1979,1,22,0.27934
1979,1,23,0.26745
1979,1,24,0.27934
1979,1,25,0.25557
1979,1,26,0.23774
1979,1,27,0.22585
1979,1,28,0.24368
1979,1,29,0.22585
1979,1,30,0.20802
1979,1,31,0.19613
1979,2,1,0.1783
1979,2,2,0.16642
1979,2,3,0.16642
1979,2,4,0.16047
1979,2,5,0.15453
1979,2,6,0.14858
1979,2,7,0.14264
1979,2,8,0.14264
1979,2,9,0.1367
1979,2,10,0.13075
1979,2,11,0.12481
1979,2,12,0.12481
1979,2,13,0.12481
1979,2,14,0.12481
1979,2,15,0.1367
1979,2,16,0.13075
1979,2,17,0.12481
1979,2,18,0.12481
1979,2,19,0.12481
1979,2,20,0.12481
1979,2,21,0.13075
1979,2,22,0.23774
1979,2,23,4.2674
1979,2,24,11.114
1979,2,25,7.7264
1979,2,26,5.2896
1979,2,27,4.3981
1979,2,28,3.566
1979,3,1,4.2792
1979,3,2,5.3788
1979,3,3,6.4783
1979,3,4,10.758
1979,3,5,12.659
1979,3,6,8.7962
1979,3,7,4.1128
1979,3,8,3.2748
1979,3,9,2.9123
1979,3,10,2.8291
1979,3,11,2.2407
1979,3,12,1.6344
1979,3,13,1.5512
1979,3,14,2.7993
1979,3,15,2.4903
1979,3,16,1.7949
1979,3,17,1.6166
1979,3,18,1.8841
1979,3,19,2.1337
1979,3,20,1.9732
1979,3,21,1.6463
1979,3,22,1.3908
1979,3,23,2.0683
1979,3,24,2.835
1979,3,25,2.0148
1979,3,26,1.4205
1979,3,27,1.1114
1979,3,28,1.8068
1979,3,29,3.6492
1979,3,30,4.9806
1979,3,31,5.2183
1979,4,1,3.5482
1979,4,2,2.6745
1979,4,3,2.0921
1979,4,4,1.789
1979,4,5,1.8603
1979,4,6,1.6701
1979,4,7,1.3135
1979,4,8,1.2422
1979,4,9,2.6805
1979,4,10,2.8588
1979,4,11,3.2867
1979,4,12,5.6759
1979,4,13,4.1901
1979,4,14,2.8053
1979,4,15,2.2288
1979,4,16,1.6939
1979,4,17,1.3373
1979,4,18,1.0817
1979,4,19,0.89745
1979,4,20,0.77264
1979,4,21,0.69538
1979,4,22,0.60623
1979,4,23,0.53491
1979,4,24,0.52896
1979,4,25,0.54085
1979,4,26,0.53491
1979,4,27,0.51113
1979,4,28,0.68943
1979,4,29,0.63594
1979,4,30,0.59434
1979,5,1,0.51708
1979,5,2,0.48142
1979,5,3,0.53491
1979,5,4,0.4933
1979,5,5,0.44575
1979,5,6,0.43387
1979,5,7,0.41009
1979,5,8,0.38632
1979,5,9,0.36255
1979,5,10,0.35066
1979,5,11,0.35066
1979,5,12,0.35066
1979,5,13,0.3566
1979,5,14,0.33283
1979,5,15,0.39821
1979,5,16,0.48142
1979,5,17,0.40415
1979,5,18,0.36255
1979,5,19,0.3566
1979,5,20,0.34472
1979,5,21,0.315
1979,5,22,0.29123
1979,5,23,0.27934
1979,5,24,0.2734
1979,5,25,0.26745
1979,5,26,0.24962
1979,5,27,0.24368
1979,5,28,0.23179
1979,5,29,0.21991
1979,5,30,0.20802
1979,5,31,0.19613
1979,6,1,0.19613
1979,6,2,0.1783
1979,6,3,0.17236
1979,6,4,0.16642
1979,6,5,0.16047
1979,6,6,3.1084
1979,6,7,3.1975
1979,6,8,2.1812
1979,6,9,1.7949
1979,6,10,2.0267
1979,6,11,1.1411
1979,6,12,0.72509
1979,6,13,0.74292
1979,6,14,0.77858
1979,6,15,0.56462
1979,6,16,0.45764
1979,6,17,0.40415
1979,6,18,0.37443
1979,6,19,0.48142
1979,6,20,0.70132
1979,6,21,2.7875
1979,6,22,1.8246
1979,6,23,0.93311
1979,6,24,0.5884
1979,6,25,0.38632
1979,6,26,0.34472
1979,6,27,0.30311
1979,6,28,0.2734
1979,6,29,0.26151
1979,6,30,0.2734
1979,7,1,0.24368
1979,7,2,0.21991
1979,7,3,0.19613
1979,7,4,0.20802
1979,7,5,0.19613
1979,7,6,0.16642
1979,7,7,0.14858
1979,7,8,0.21991
1979,7,9,1.783
1979,7,10,3.2629
1979,7,11,1.9316
1979,7,12,0.945
1979,7,13,2.2644
1979,7,14,6.2406
1979,7,15,4.9033
1979,7,16,2.2942
1979,7,17,1.4145
1979,7,18,0.95094
1979,7,19,0.65972
1979,7,20,0.50519
1979,7,21,0.41604
1979,7,22,0.35066
1979,7,23,0.29717
1979,7,24,0.32689
1979,7,25,1.2778
1979,7,26,1.4621
1979,7,27,0.99255
1979,7,28,0.61811
1979,7,29,0.46358
1979,7,30,0.36849
1979,7,31,0.33283
1979,8,1,0.79642
1979,8,2,1.7176
1979,8,3,1.6107
1979,8,4,1.0104
1979,8,5,0.68943
1979,8,6,0.51708
1979,8,7,0.38038
1979,8,8,0.30311
1979,8,9,0.30906
1979,8,10,0.315
1979,8,11,0.26745
1979,8,12,0.21991
1979,8,13,0.19613
1979,8,14,0.17236
1979,8,15,0.16047
1979,8,16,0.14858
1979,8,17,0.14264
1979,8,18,0.14858
1979,8,19,0.22585
1979,8,20,0.8083
1979,8,21,1.1055
1979,8,22,0.8083
1979,8,23,0.96283
1979,8,24,2.1277
1979,8,25,1.6523
1979,8,26,0.90934
1979,8,27,0.60623
1979,8,28,0.46953
1979,8,29,0.41009
1979,8,30,0.38038
1979,8,31,0.30311
1979,9,1,0.24962
1979,9,2,0.22585
1979,9,3,0.20802
1979,9,4,0.19613
1979,9,5,0.21396
1979,9,6,0.1783
1979,9,7,0.16047
1979,9,8,0.14264
1979,9,9,0.1367
1979,9,10,0.12481
1979,9,11,0.12481
1979,9,12,0.11887
1979,9,13,0.11887
1979,9,14,0.11887
1979,9,15,0.10698
1979,9,16,0.10104
1979,9,17,0.10104
1979,9,18,0.089151
1979,9,19,0.089151
1979,9,20,0.083208
1979,9,21,0.083208
1979,9,22,0.089151
1979,9,23,0.083208
1979,9,24,0.083208
1979,9,25,0.083208
1979,9,26,0.077264
1979,9,27,0.077264
1979,9,28,0.077264
1979,9,29,0.077264
1979,9,30,0.077264
1979,10,1,0.10698
1979,10,2,0.74887
1979,10,3,0.49925
1979,10,4,0.30906
1979,10,5,0.23179
1979,10,6,0.20208
1979,10,7,0.1783
1979,10,8,0.16047
1979,10,9,0.14858
1979,10,10,0.1367
1979,10,11,0.1367
1979,10,12,0.13075
1979,10,13,0.12481
1979,10,14,0.12481
1979,10,15,0.11887
1979,10,16,0.13075
1979,10,17,0.14264
1979,10,18,0.13075
1979,10,19,0.12481
1979,10,20,0.11887
1979,10,21,0.11887
1979,10,22,0.14858
1979,10,23,0.3566
1979,10,24,0.38632
1979,10,25,0.315
1979,10,26,0.24962
1979,10,27,0.21991
1979,10,28,0.20208
1979,10,29,0.18425
1979,10,30,0.17236
1979,10,31,0.16047
1979,11,1,0.60623
1979,11,2,1.3373
1979,11,3,0.9034
1979,11,4,0.57651
1979,11,5,0.43981
1979,11,6,0.36849
1979,11,7,0.32094
1979,11,8,0.29717
1979,11,9,0.3566
1979,11,10,0.92717
1979,11,11,0.91528
1979,11,12,0.62406
1979,11,13,0.51113
1979,11,14,0.43387
1979,11,15,0.38038
1979,11,16,0.34472
1979,11,17,0.30906
1979,11,18,0.28528
1979,11,19,0.2734
1979,11,20,0.26745
1979,11,21,0.24368
1979,11,22,0.24368
1979,11,23,0.86179
1979,11,24,2.2109
1979,11,25,2.0921
1979,11,26,4.517
1979,11,27,3.7027
1979,11,28,2.8291
1979,11,29,2.52
1979,11,30,1.7117
1979,12,1,1.3016
1979,12,2,0.98066
1979,12,3,0.78453
1979,12,4,0.72509
1979,12,5,0.69538
1979,12,6,0.68943
1979,12,7,0.63
1979,12,8,0.53491
1979,12,9,0.46358
1979,12,10,0.4517
1979,12,11,0.45764
1979,12,12,0.43981
1979,12,13,0.39821
1979,12,14,0.36255
1979,12,15,0.34472
1979,12,16,0.35066
1979,12,17,0.30906
1979,12,18,0.30311
1979,12,19,0.29123
1979,12,20,0.28528
1979,12,21,0.2734
1979,12,22,0.33283
1979,12,23,1.682
1979,12,24,4.6002
1979,12,25,5.456
1979,12,26,3.5244
1979,12,27,2.2288
1979,12,28,1.5631
1979,12,29,1.2243
1979,12,30,1.0639
1979,12,31,0.91528
1980,1,1,0.77858
1980,1,2,0.68349
1980,1,3,0.60623
1980,1,4,0.55274
1980,1,5,0.52302
1980,1,6,0.47547
1980,1,7,0.46953
1980,1,8,0.46358
1980,1,9,0.42792
1980,1,10,0.41009
1980,1,11,0.4933
1980,1,12,0.55868
1980,1,13,0.67755
1980,1,14,0.53491
1980,1,15,0.45764
1980,1,16,0.43387
1980,1,17,0.57057
1980,1,18,0.65377
1980,1,19,0.60028
1980,1,20,0.54679
1980,1,21,0.52302
1980,1,22,0.52896
1980,1,23,0.48736
1980,1,24,0.41009
1980,1,25,0.51708
1980,1,26,0.39821
1980,1,27,0.35066
1980,1,28,0.32689
1980,1,29,0.30906
1980,1,30,0.29717
1980,1,31,0.28528
1980,2,1,0.27934
1980,2,2,0.2734
1980,2,3,0.26745
1980,2,4,0.26151
1980,2,5,0.26151
1980,2,6,0.25557
1980,2,7,0.25557
1980,2,8,0.24962
1980,2,9,0.24962
1980,2,10,0.24368
1980,2,11,0.24368
1980,2,12,0.24368
1980,2,13,0.23774
1980,2,14,0.23774
1980,2,15,0.23774
1980,2,16,0.23774
1980,2,17,0.24962
1980,2,18,0.25557
1980,2,19,0.25557
1980,2,20,0.26745
1980,2,21,0.51708
1980,2,22,3.7443
1980,2,23,2.7221
1980,2,24,1.5512
1980,2,25,1.0223
1980,2,26,0.66566
1980,2,27,0.71321
1980,2,28,0.57057
1980,2,29,0.46358
1980,3,1,0.43981
1980,3,2,0.41604
1980,3,3,0.40415
1980,3,4,0.39226
1980,3,5,0.47547
1980,3,6,0.61811
1980,3,7,0.84396
1980,3,8,6.4783
1980,3,9,7.3104
1980,3,10,6.0623
1980,3,11,4.0891
1980,3,12,2.3358
1980,3,13,1.676
1980,3,14,1.2243
1980,3,15,1.1114
1980,3,16,1.4145
1980,3,17,5.7651
1980,3,18,6.3
1980,3,19,3.8513
1980,3,20,2.6924
1980,3,21,4.4278
1980,3,22,4.0534
1980,3,23,2.4843
1980,3,24,2.7458
1980,3,25,4.2258
1980,3,26,2.7637
1980,3,27,1.9138
1980,3,28,1.5275
1980,3,29,2.3655
1980,3,30,2.5557
1980,3,31,3.4115
1980,4,1,2.6567
1980,4,2,1.8841
1980,4,3,1.6998
1980,4,4,3.8335
1980,4,5,2.8944
1980,4,6,1.8603
1980,4,7,1.4383
1980,4,8,1.3373
1980,4,9,2.1812
1980,4,10,2.1931
1980,4,11,1.6642
1980,4,12,1.3729
1980,4,13,1.159
1980,4,14,2.098
1980,4,15,2.9658
1980,4,16,2.3239
1980,4,17,1.6225
1980,4,18,1.2659
1980,4,19,1.0401
1980,4,20,0.89151
1980,4,21,0.77264
1980,4,22,0.68943
1980,4,23,0.64189
1980,4,24,0.58245
1980,4,25,0.52896
1980,4,26,0.47547
1980,4,27,0.4517
1980,4,28,0.51113
1980,4,29,0.54085
1980,4,30,0.49925
1980,5,1,0.44575
1980,5,2,0.40415
1980,5,3,0.39821
1980,5,4,0.38632
1980,5,5,0.37443
1980,5,6,0.37443
1980,5,7,0.3566
1980,5,8,0.33283
1980,5,9,0.315
1980,5,10,0.30906
1980,5,11,0.30906
1980,5,12,0.32689
1980,5,13,0.38038
1980,5,14,0.33877
1980,5,15,0.30311
1980,5,16,0.27934
1980,5,17,0.41604
1980,5,18,2.3001
1980,5,19,2.0445
1980,5,20,1.3373
1980,5,21,0.99849
1980,5,22,0.74887
1980,5,23,0.63594
1980,5,24,0.88557
1980,5,25,0.9034
1980,5,26,0.68349
1980,5,27,0.53491
1980,5,28,0.46358
1980,5,29,0.42198
1980,5,30,0.42792
1980,5,31,0.68349
1980,6,1,1.468
1980,6,2,7.3104
1980,6,3,12.897
1980,6,4,16.344
1980,6,5,9.6283
1980,6,6,2.6626
1980,6,7,2.8053
1980,6,8,6.4189
1980,6,9,2.9658
1980,6,10,1.9019
1980,6,11,1.3789
1980,6,12,1.0104
1980,6,13,0.82019
1980,6,14,0.70726
1980,6,15,0.66566
1980,6,16,0.86179
1980,6,17,0.95689
1980,6,18,0.66566
1980,6,19,0.58245
1980,6,20,0.55868
1980,6,21,0.54679
1980,6,22,0.46358
1980,6,23,0.48142
1980,6,24,0.44575
1980,6,25,0.42792
1980,6,26,0.36849
1980,6,27,0.34472
1980,6,28,0.32094
1980,6,29,0.29717
1980,6,30,0.26151
1980,7,1,0.24962
1980,7,2,0.23774
1980,7,3,0.22585
1980,7,4,0.22585
1980,7,5,0.21991
1980,7,6,0.20802
1980,7,7,0.19019
1980,7,8,0.1783
1980,7,9,0.1783
1980,7,10,0.17236
1980,7,11,0.17236
1980,7,12,0.16642
1980,7,13,0.15453
1980,7,14,0.14858
1980,7,15,0.1367
1980,7,16,0.13075
1980,7,17,0.12481
1980,7,18,0.11887
1980,7,19,0.11887
1980,7,20,0.11887
1980,7,21,0.21396
1980,7,22,0.46953
1980,7,23,0.30311
1980,7,24,0.18425
1980,7,25,0.15453
1980,7,26,0.1367
1980,7,27,0.1367
1980,7,28,1.7949
1980,7,29,1.3492
1980,7,30,0.63594
1980,7,31,0.39821
1980,8,1,0.27934
1980,8,2,0.22585
1980,8,3,0.20208
1980,8,4,0.1783
1980,8,5,0.16047
1980,8,6,0.16642
1980,8,7,0.30311
1980,8,8,0.23179
1980,8,9,0.19019
1980,8,10,0.19019
1980,8,11,1.052
1980,8,12,2.1693
1980,8,13,0.83208
1980,8,14,0.53491
1980,8,15,0.38632
1980,8,16,0.2734
1980,8,17,1.676
1980,8,18,4.6775
1980,8,19,2.5557
1980,8,20,1.4145
1980,8,21,0.83208
1980,8,22,0.51113
1980,8,23,0.34472
1980,8,24,0.26151
1980,8,25,0.22585
1980,8,26,0.19613
1980,8,27,0.17236
1980,8,28,0.15453
1980,8,29,0.14264
1980,8,30,0.19019
1980,8,31,0.14264
1980,9,1,0.16642
1980,9,2,0.14858
1980,9,3,0.13075
1980,9,4,0.11887
1980,9,5,0.11292
1980,9,6,0.10698
1980,9,7,0.10698
1980,9,8,0.10104
1980,9,9,0.10104
1980,9,10,0.095094
1980,9,11,0.089151
1980,9,12,0.089151
1980,9,13,0.089151
1980,9,14,0.089151
1980,9,15,0.083208
1980,9,16,0.089151
1980,9,17,0.16642
1980,9,18,0.14264
1980,9,19,0.11292
1980,9,20,0.10104
1980,9,21,0.089151
1980,9,22,0.083208
1980,9,23,0.083208
1980,9,24,0.077264
1980,9,25,0.083208
1980,9,26,0.083208
1980,9,27,0.077264
1980,9,28,0.071321
1980,9,29,0.071321
1980,9,30,0.071321
1980,10,1,0.065377
1980,10,2,0.065377
1980,10,3,0.077264
1980,10,4,0.071321
1980,10,5,0.071321
1980,10,6,0.071321
1980,10,7,0.071321
1980,10,8,0.065377
1980,10,9,0.065377
1980,10,10,0.059434
1980,10,11,0.05884
1980,10,12,0.056462
1980,10,13,0.057651
1980,10,14,0.065377
1980,10,15,0.071321
1980,10,16,0.065377
1980,10,17,0.071321
1980,10,18,0.095094
1980,10,19,0.089151
1980,10,20,0.077264
1980,10,21,0.077264
1980,10,22,0.071321
1980,10,23,0.071321
1980,10,24,0.071321
1980,10,25,0.077264
1980,10,26,0.089151
1980,10,27,0.083208
1980,10,28,0.095094
1980,10,29,0.095094
1980,10,30,0.071321
1980,10,31,0.059434
1980,11,1,0.057057
1980,11,2,0.053491
1980,11,3,0.049925
1980,11,4,0.051708
1980,11,5,0.051113
1980,11,6,0.047547
1980,11,7,0.04933
1980,11,8,0.051113
1980,11,9,0.052302
1980,11,10,0.049925
1980,11,11,0.046953
1980,11,12,0.046953
1980,11,13,0.054679
1980,11,14,0.052302
1980,11,15,0.050519
1980,11,16,0.051113
1980,11,17,0.049925
1980,11,18,0.04933
1980,11,19,0.04933
1980,11,20,0.04933
1980,11,21,0.04933
1980,11,22,0.048736
1980,11,23,0.048142
1980,11,24,0.050519
1980,11,25,0.051113
1980,11,26,0.04933
1980,11,27,0.054085
1980,11,28,0.065377
1980,11,29,0.071321
1980,11,30,0.065377
1980,12,1,0.065377
1980,12,2,0.071321
1980,12,3,0.058245
1980,12,4,0.065377
1980,12,5,0.057057
1980,12,6,0.057057
1980,12,7,0.059434
1980,12,8,0.083208
1980,12,9,0.16047
1980,12,10,0.19019
1980,12,11,0.18425
1980,12,12,0.16047
1980,12,13,0.14264
1980,12,14,0.13075
1980,12,15,0.11887
1980,12,16,0.11887
1980,12,17,0.10698
1980,12,18,0.10104
1980,12,19,0.095094
1980,12,20,0.089151
1980,12,21,0.083208
1980,12,22,0.077264
1980,12,23,0.071321
1980,12,24,0.071321
1980,12,25,0.071321
1980,12,26,0.077264
1980,12,27,0.077264
1980,12,28,0.083208
1980,12,29,0.095094
1980,12,30,0.10698
1980,12,31,0.10104
1981,1,1,0.095094
1981,1,2,0.089151
1981,1,3,0.083208
1981,1,4,0.077264
1981,1,5,0.065377
1981,1,6,0.071321
1981,1,7,0.071321
1981,1,8,0.071321
1981,1,9,0.071321
1981,1,10,0.071321
1981,1,11,0.065377
1981,1,12,0.065377
1981,1,13,0.065377
1981,1,14,0.071321
1981,1,15,0.071321
1981,1,16,0.071321
1981,1,17,0.077264
1981,1,18,0.077264
1981,1,19,0.077264
1981,1,20,0.077264
1981,1,21,0.083208
1981,1,22,0.083208
1981,1,23,0.083208
1981,1,24,0.089151
1981,1,25,0.089151
1981,1,26,0.23774
1981,1,27,0.21991
1981,1,28,0.16047
1981,1,29,0.13075
1981,1,30,0.11887
1981,1,31,0.11887
1981,2,1,0.16642
1981,2,2,0.21396
1981,2,3,0.14858
1981,2,4,0.12481
1981,2,5,0.11292
1981,2,6,0.10104
1981,2,7,0.095094
1981,2,8,0.089151
1981,2,9,0.089151
1981,2,10,0.16047
1981,2,11,0.69538
1981,2,12,0.65377
1981,2,13,0.47547
1981,2,14,0.35066
1981,2,15,0.59434
1981,2,16,2.7518
1981,2,17,2.9004
1981,2,18,2.4011
1981,2,19,2.419
1981,2,20,3.7681
1981,2,21,2.5557
1981,2,22,1.9078
1981,2,23,1.7592
1981,2,24,1.7711
1981,2,25,1.5156
1981,2,26,1.1887
1981,2,27,0.945
1981,2,28,0.89745
1981,3,1,0.80236
1981,3,2,0.67755
1981,3,3,0.55274
1981,3,4,0.49925
1981,3,5,0.52896
1981,3,6,0.49925
1981,3,7,0.41604
1981,3,8,0.3566
1981,3,9,0.32689
1981,3,10,0.30906
1981,3,11,0.30311
1981,3,12,0.28528
1981,3,13,0.2734
1981,3,14,0.24962
1981,3,15,0.23179
1981,3,16,0.23179
1981,3,17,0.21991
1981,3,18,0.21396
1981,3,19,0.20208
1981,3,20,0.19019
1981,3,21,0.18425
1981,3,22,0.17236
1981,3,23,0.16047
1981,3,24,0.15453
1981,3,25,0.15453
1981,3,26,0.15453
1981,3,27,0.17236
1981,3,28,0.16047
1981,3,29,0.15453
1981,3,30,0.16047
1981,3,31,0.16047
1981,4,1,0.15453
1981,4,2,0.14264
1981,4,3,0.14264
1981,4,4,0.1783
1981,4,5,0.1783
1981,4,6,0.17236
1981,4,7,0.16047
1981,4,8,0.15453
1981,4,9,0.63
1981,4,10,0.90934
1981,4,11,0.7667
1981,4,12,2.5438
1981,4,13,4.2317
1981,4,14,4.0415
1981,4,15,2.4308
1981,4,16,1.6642
1981,4,17,1.3313
1981,4,18,1.0698
1981,4,19,0.81425
1981,4,20,0.71915
1981,4,21,0.59434
1981,4,22,0.57057
1981,4,23,0.72509
1981,4,24,0.64189
1981,4,25,0.51708
1981,4,26,0.43981
1981,4,27,0.40415
1981,4,28,0.41009
1981,4,29,1.2065
1981,4,30,1.3254
1981,5,1,2.1158
1981,5,2,2.2763
1981,5,3,1.5215
1981,5,4,1.1174
1981,5,5,0.89151
1981,5,6,1.4324
1981,5,7,1.7592
1981,5,8,1.2125
1981,5,9,0.92717
1981,5,10,1.2481
1981,5,11,3.679
1981,5,12,2.7458
1981,5,13,1.8543
1981,5,14,3.9761
1981,5,15,7.1915
1981,5,16,5.0043
1981,5,17,2.8825
1981,5,18,2.0089
1981,5,19,1.9494
1981,5,20,1.575
1981,5,21,1.2303
1981,5,22,0.99849
1981,5,23,0.83208
1981,5,24,0.71321
1981,5,25,0.97472
1981,5,26,1.1649
1981,5,27,1.2243
1981,5,28,2.1218
1981,5,29,1.5037
1981,5,30,1.8484
1981,5,31,1.367
1981,6,1,0.96283
1981,6,2,0.78453
1981,6,3,0.67755
1981,6,4,0.57651
1981,6,5,2.9539
1981,6,6,3.8335
1981,6,7,1.5869
1981,6,8,1.6344
1981,6,9,3.4769
1981,6,10,3.1678
1981,6,11,2.0802
1981,6,12,1.3016
1981,6,13,4.1307
1981,6,14,9.9849
1981,6,15,7.9642
1981,6,16,2.5319
1981,6,17,1.6285
1981,6,18,1.1827
1981,6,19,0.91528
1981,6,20,0.73104
1981,6,21,0.63
1981,6,22,0.60623
1981,6,23,0.51113
1981,6,24,0.43981
1981,6,25,1.3313
1981,6,26,0.68943
1981,6,27,0.48736
1981,6,28,0.40415
1981,6,29,0.36255
1981,6,30,0.33283
1981,7,1,0.37443
1981,7,2,0.37443
1981,7,3,0.32094
1981,7,4,0.28528
1981,7,5,0.27934
1981,7,6,0.29123
1981,7,7,0.26151
1981,7,8,0.23179
1981,7,9,0.21396
1981,7,10,0.20208
1981,7,11,0.19019
1981,7,12,0.18425
1981,7,13,0.18425
1981,7,14,0.1783
1981,7,15,0.16642
1981,7,16,0.16642
1981,7,17,0.16047
1981,7,18,0.15453
1981,7,19,0.16642
1981,7,20,0.72509
1981,7,21,0.52302
1981,7,22,0.30311
1981,7,23,0.22585
1981,7,24,0.20208
1981,7,25,0.1783
1981,7,26,0.24962
1981,7,27,0.32094
1981,7,28,2.1277
1981,7,29,2.3417
1981,7,30,1.2659
1981,7,31,0.71915
1981,8,1,0.47547
1981,8,2,0.36255
1981,8,3,0.30906
1981,8,4,0.28528
1981,8,5,1.046
1981,8,6,4.202
1981,8,7,2.6924
1981,8,8,2.0445
1981,8,9,1.2481
1981,8,10,0.83802
1981,8,11,1.1292
1981,8,12,0.57057
1981,8,13,0.41604
1981,8,14,0.33283
1981,8,15,0.33283
1981,8,16,0.29123
1981,8,17,0.24368
1981,8,18,0.21991
1981,8,19,0.19613
1981,8,20,0.18425
1981,8,21,0.16642
1981,8,22,0.15453
1981,8,23,0.14858
1981,8,24,0.14264
1981,8,25,0.1367
1981,8,26,0.13075
1981,8,27,0.14858
1981,8,28,0.16047
1981,8,29,0.19613
1981,8,30,0.46358
1981,8,31,1.3848
1981,9,1,2.1812
1981,9,2,2.1218
1981,9,3,1.9732
1981,9,4,1.9257
1981,9,5,1.1768
1981,9,6,0.71915
1981,9,7,0.50519
1981,9,8,0.43981
1981,9,9,0.35066
1981,9,10,0.28528
1981,9,11,0.23774
1981,9,12,0.21396
1981,9,13,0.19019
1981,9,14,0.1783
1981,9,15,2.312
1981,9,16,1.8425
1981,9,17,1.4205
1981,9,18,1.1055
1981,9,19,0.79642
1981,9,20,0.57651
1981,9,21,0.42198
1981,9,22,0.32094
1981,9,23,0.24962
1981,9,24,0.21991
1981,9,25,0.20208
1981,9,26,0.18425
1981,9,27,0.27934
1981,9,28,0.46953
1981,9,29,0.36255
1981,9,30,0.46953
1981,10,1,0.4517
1981,10,2,0.34472
1981,10,3,0.2734
1981,10,4,0.23179
1981,10,5,0.21396
1981,10,6,0.22585
1981,10,7,0.30311
1981,10,8,0.26151
1981,10,9,0.24368
1981,10,10,0.21991
1981,10,11,0.20208
1981,10,12,0.18425
1981,10,13,0.17236
1981,10,14,0.16642
1981,10,15,0.16047
1981,10,16,0.16047
1981,10,17,0.15453
1981,10,18,0.35066
1981,10,19,0.49925
1981,10,20,0.3566
1981,10,21,0.29717
1981,10,22,0.51708
1981,10,23,2.52
1981,10,24,1.6285
1981,10,25,1.0579
1981,10,26,0.79047
1981,10,27,1.4799
1981,10,28,4.1663
1981,10,29,2.5141
1981,10,30,1.6225
1981,10,31,1.1768
1981,11,1,0.95094
1981,11,2,0.8083
1981,11,3,0.70726
1981,11,4,0.64783
1981,11,5,0.60623
1981,11,6,0.62406
1981,11,7,0.60028
1981,11,8,0.53491
1981,11,9,0.46358
1981,11,10,0.40415
1981,11,11,0.38632
1981,11,12,0.35066
1981,11,13,0.32689
1981,11,14,0.30906
1981,11,15,0.30311
1981,11,16,0.29717
1981,11,17,0.29123
1981,11,18,0.26745
1981,11,19,0.26745
1981,11,20,0.30311
1981,11,21,0.27934
1981,11,22,0.24962
1981,11,23,0.23774
1981,11,24,0.41009
1981,11,25,0.78453
1981,11,26,0.71321
1981,11,27,0.86179
1981,11,28,0.7667
1981,11,29,0.59434
1981,11,30,0.51113
1981,12,1,0.51708
1981,12,2,0.47547
1981,12,3,0.39226
1981,12,4,0.36849
1981,12,5,0.33283
1981,12,6,0.30906
1981,12,7,0.32094
1981,12,8,0.32094
1981,12,9,0.28528
1981,12,10,0.26151
1981,12,11,0.24962
1981,12,12,0.24962
1981,12,13,0.24962
1981,12,14,0.23179
1981,12,15,0.24962
1981,12,16,0.23774
1981,12,17,0.23179
1981,12,18,0.21991
1981,12,19,0.20802
1981,12,20,0.19019
1981,12,21,0.21991
1981,12,22,0.29717
1981,12,23,1.2481
1981,12,24,2.8053
1981,12,25,1.6225
1981,12,26,0.86179
1981,12,27,1.2006
1981,12,28,1.5453
1981,12,29,1.1827
1981,12,30,0.76075
1981,12,31,0.60623
